Country,Code,Year,SolarWindTWh,CoalTWh
Afghanistan,AFG,2001,0,0.04
Afghanistan,AFG,2002,0,0.04
Afghanistan,AFG,2003,0,0.09
Afghanistan,AFG,2004,0,0.06
Afghanistan,AFG,2005,0,0.06
Afghanistan,AFG,2006,0,0.15
Afghanistan,AFG,2007,0,0.15
Afghanistan,AFG,2008,0,0.13
Afghanistan,AFG,2009,0,0.06
Afghanistan,AFG,2010,0,0.06
Afghanistan,AFG,2011,0,0.1
Afghanistan,AFG,2012,0.03,0.07
Afghanistan,AFG,2013,0.03,0.12
Afghanistan,AFG,2014,0.03,0.11
Afghanistan,AFG,2015,0.03,0.1
Afghanistan,AFG,2016,0.04,0.09
Afghanistan,AFG,2017,0.04,0.11
Afghanistan,AFG,2018,0.04,0.12
Afghanistan,AFG,2019,0.05,0.08
Afghanistan,AFG,2020,0.06,0.02
Afghanistan,AFG,2021,0.08,0.03
Afghanistan,AFG,2022,0.08,0.03
Albania,ALB,2019,0.02,0
Albania,ALB,2020,0.03,0
Albania,ALB,2021,0.04,0
Albania,ALB,2022,0.04,0
Algeria,DZA,2015,0.08,0
Algeria,DZA,2016,0.12,0
Algeria,DZA,2017,0.58,0
Algeria,DZA,2018,0.65,0
Algeria,DZA,2019,0.69,0
Algeria,DZA,2020,0.68,0
Algeria,DZA,2021,0.65,0
Algeria,DZA,2022,0.67,0
Algeria,DZA,2023,0.66,0
American Samoa,ASM,2022,0.01,0
Angola,AGO,2010,0.01,0
Angola,AGO,2011,0.01,0
Angola,AGO,2012,0.01,0
Angola,AGO,2013,0.01,0
Angola,AGO,2014,0.02,0
Angola,AGO,2015,0.02,0
Angola,AGO,2016,0.02,0
Angola,AGO,2017,0.02,0
Angola,AGO,2018,0.02,0
Angola,AGO,2019,0.02,0
Angola,AGO,2020,0.02,0
Angola,AGO,2021,0.02,0
Angola,AGO,2022,0.02,0
Antigua and Barbuda,ATG,2015,0.01,0
Antigua and Barbuda,ATG,2017,0.01,0
Antigua and Barbuda,ATG,2018,0.01,0
Antigua and Barbuda,ATG,2019,0.01,0
Antigua and Barbuda,ATG,2020,0.02,0
Antigua and Barbuda,ATG,2021,0.02,0
Antigua and Barbuda,ATG,2022,0.02,0
Argentina,ARG,1990,0,0.66
Argentina,ARG,1991,0,0.92
Argentina,ARG,1992,0,0.83
Argentina,ARG,1993,0,1.18
Argentina,ARG,1994,0,2.34
Argentina,ARG,1995,0,1.90
Argentina,ARG,1996,0.00,1.91
Argentina,ARG,1997,0.01,1.89
Argentina,ARG,1998,0.03,1.80
Argentina,ARG,1999,0.03,2.10
Argentina,ARG,2000,0.03,1.78
Argentina,ARG,2001,0.05,1.36
Argentina,ARG,2002,0.07,0.81
Argentina,ARG,2003,0.08,0.94
Argentina,ARG,2004,0.07,1.68
Argentina,ARG,2005,0.07,2.18
Argentina,ARG,2006,0.07,1.99
Argentina,ARG,2007,0.06,2.34
Argentina,ARG,2008,0.04,1.94
Argentina,ARG,2009,0.04,1.75
Argentina,ARG,2010,0.03,3.01
Argentina,ARG,2011,0.03,2.91
Argentina,ARG,2012,0.38,2.64
Argentina,ARG,2013,0.47,2.38
Argentina,ARG,2014,0.64,2.54
Argentina,ARG,2015,0.59,2.39
Argentina,ARG,2016,0.56,1.93
Argentina,ARG,2017,0.63,2.01
Argentina,ARG,2018,1.52,2.03
Argentina,ARG,2019,5.8,1.17
Argentina,ARG,2020,10.75,1.64
Argentina,ARG,2021,15.13,2.38
Argentina,ARG,2022,17.1,2.14
Argentina,ARG,2023,17.74,0.6
Armenia,ARM,2010,0.01,0
Armenia,ARM,2018,0.02,0
Armenia,ARM,2019,0.06,0
Armenia,ARM,2020,0.14,0
Armenia,ARM,2021,0.29,0
Armenia,ARM,2022,0.33,0
Aruba,ABW,2009,0.03,0
Aruba,ABW,2010,0.11,0
Aruba,ABW,2011,0.11,0
Aruba,ABW,2012,0.14,0
Aruba,ABW,2013,0.15,0
Aruba,ABW,2014,0.16,0
Aruba,ABW,2015,0.18,0
Aruba,ABW,2016,0.14,0
Aruba,ABW,2017,0.14,0
Aruba,ABW,2018,0.15,0
Aruba,ABW,2019,0.15,0
Aruba,ABW,2020,0.15,0
Aruba,ABW,2021,0.15,0
Aruba,ABW,2022,0.15,0
Australia,AUS,1990,0,123.36
Australia,AUS,1991,0.00,127.22
Australia,AUS,1992,0.01,130.00
Australia,AUS,1993,0.01,133.27
Australia,AUS,1994,0.02,136.89
Australia,AUS,1995,0.02,141.93
Australia,AUS,1996,0.03,148.43
Australia,AUS,1997,0.03,157.47
Australia,AUS,1998,0.05,165.94
Australia,AUS,1999,0.08,171.16
Australia,AUS,2000,0.17,180.26
Australia,AUS,2001,0.34,179.88
Australia,AUS,2002,0.59,171.86
Australia,AUS,2003,0.76,173.61
Australia,AUS,2004,0.87,178.96
Australia,AUS,2005,1.38,182.98
Australia,AUS,2006,2.26,185.76
Australia,AUS,2007,2.95,185.49
Australia,AUS,2008,3.60,184.24
Australia,AUS,2009,4.73,182.02
Australia,AUS,2010,5.97,176.02
Australia,AUS,2011,8.46,171.98
Australia,AUS,2012,10.13,165.38
Australia,AUS,2013,13.11,155.45
Australia,AUS,2014,14.73,155.23
Australia,AUS,2015,18.02,162.2
Australia,AUS,2016,20.48,162.36
Australia,AUS,2017,22.13,159.17
Australia,AUS,2018,28.59,156.56
Australia,AUS,2019,37.76,149.84
Australia,AUS,2020,46.45,142.93
Australia,AUS,2021,57.98,137.4
Australia,AUS,2022,70.49,130.93
Australia,AUS,2023,80.04,127.52
Austria,AUT,1990,0,6.19
Austria,AUT,1991,0,6.84
Austria,AUT,1992,0,4.11
Austria,AUT,1993,0,2.98
Austria,AUT,1994,0,3.1
Austria,AUT,1995,0,4.32
Austria,AUT,1996,0,5.28
Austria,AUT,1997,0.02,5.83
Austria,AUT,1998,0.05,4.13
Austria,AUT,1999,0.05,4.42
Austria,AUT,2000,0.07,5.72
Austria,AUT,2001,0.11,6.89
Austria,AUT,2002,0.15,6.61
Austria,AUT,2003,0.38,8.44
Austria,AUT,2004,0.95,7.91
Austria,AUT,2005,1.35,7.17
Austria,AUT,2006,1.77,7.37
Austria,AUT,2007,2.06,6.6
Austria,AUT,2008,2.04,5.53
Austria,AUT,2009,2,3.76
Austria,AUT,2010,2.14,4.92
Austria,AUT,2011,2.11,5.43
Austria,AUT,2012,2.8,4.39
Austria,AUT,2013,3.78,4.21
Austria,AUT,2014,4.64,2.94
Austria,AUT,2015,5.78,2.95
Austria,AUT,2016,6.33,2.04
Austria,AUT,2017,7.84,1.76
Austria,AUT,2018,7.49,1.81
Austria,AUT,2019,9.15,1.5
Austria,AUT,2020,8.83,0.56
Austria,AUT,2021,9.51,0.14
Austria,AUT,2022,10.75,0.06
Austria,AUT,2023,13.21,0.06
Azerbaijan,AZE,2016,0.06,0
Azerbaijan,AZE,2017,0.06,0
Azerbaijan,AZE,2018,0.12,0
Azerbaijan,AZE,2019,0.14,0
Azerbaijan,AZE,2020,0.15,0
Azerbaijan,AZE,2021,0.14,0
Azerbaijan,AZE,2022,0.14,0
Azerbaijan,AZE,2023,0.13,0
Bahrain,BHR,2014,0.01,0
Bahrain,BHR,2015,0.01,0
Bahrain,BHR,2016,0.01,0
Bahrain,BHR,2017,0.01,0
Bahrain,BHR,2018,0.01,0
Bahrain,BHR,2019,0.01,0
Bahrain,BHR,2020,0.01,0
Bahrain,BHR,2021,0.01,0
Bahrain,BHR,2022,0.01,0
Bangladesh,BGD,2005,0,0.16
Bangladesh,BGD,2006,0.01,0.28
Bangladesh,BGD,2007,0.02,0.74
Bangladesh,BGD,2008,0.02,1.1
Bangladesh,BGD,2009,0.03,1.09
Bangladesh,BGD,2010,0.07,0.77
Bangladesh,BGD,2011,0.06,0.83
Bangladesh,BGD,2012,0.09,0.94
Bangladesh,BGD,2013,0.13,1.23
Bangladesh,BGD,2014,0.16,1.1
Bangladesh,BGD,2015,0.21,1
Bangladesh,BGD,2016,0.23,1.03
Bangladesh,BGD,2017,0.26,1.03
Bangladesh,BGD,2018,0.29,1.5
Bangladesh,BGD,2019,0.34,1.09
Bangladesh,BGD,2020,0.39,2.36
Bangladesh,BGD,2021,0.48,5.3
Bangladesh,BGD,2022,0.53,5.66
Bangladesh,BGD,2023,0.83,14.81
Barbados,BRB,2014,0.01,0
Barbados,BRB,2015,0.01,0
Barbados,BRB,2016,0.02,0
Barbados,BRB,2017,0.03,0
Barbados,BRB,2018,0.03,0
Barbados,BRB,2019,0.04,0
Barbados,BRB,2020,0.07,0
Barbados,BRB,2021,0.08,0
Barbados,BRB,2022,0.08,0
Belarus,BLR,2007,0,0.01
Belarus,BLR,2008,0,0.01
Belarus,BLR,2009,0,0.01
Belarus,BLR,2010,0,0.03
Belarus,BLR,2011,0,0.02
Belarus,BLR,2012,0.01,0.02
Belarus,BLR,2013,0.01,0.02
Belarus,BLR,2014,0.01,0.03
Belarus,BLR,2015,0.04,0.04
Belarus,BLR,2016,0.11,0.03
Belarus,BLR,2017,0.19,0.03
Belarus,BLR,2018,0.28,0.03
Belarus,BLR,2019,0.36,0.03
Belarus,BLR,2020,0.37,0.03
Belarus,BLR,2021,0.37,0.03
Belarus,BLR,2022,0.36,0.03
Belarus,BLR,2023,0.32,0
Belgium,BEL,1990,0.01,17.09
Belgium,BEL,1991,0.01,16.51
Belgium,BEL,1992,0.01,16.01
Belgium,BEL,1993,0.01,16.3
Belgium,BEL,1994,0.01,16.98
Belgium,BEL,1995,0.01,16.52
Belgium,BEL,1996,0.01,15.55
Belgium,BEL,1997,0.01,13.75
Belgium,BEL,1998,0.01,14.19
Belgium,BEL,1999,0.01,9.94
Belgium,BEL,2000,0.02,12.92
Belgium,BEL,2001,0.04,9.94
Belgium,BEL,2002,0.06,10.03
Belgium,BEL,2003,0.09,9.64
Belgium,BEL,2004,0.14,9.15
Belgium,BEL,2005,0.23,8.2
Belgium,BEL,2006,0.37,6.85
Belgium,BEL,2007,0.5,6.47
Belgium,BEL,2008,0.68,5.55
Belgium,BEL,2009,1.16,5.18
Belgium,BEL,2010,1.84,4.2
Belgium,BEL,2011,3.48,3.48
Belgium,BEL,2012,4.91,3.39
Belgium,BEL,2013,6.31,3.01
Belgium,BEL,2014,7.51,2.09
Belgium,BEL,2015,8.63,2.07
Belgium,BEL,2016,8.52,0.39
Belgium,BEL,2017,9.83,0.09
Belgium,BEL,2018,11.47,0.09
Belgium,BEL,2019,14,0.09
Belgium,BEL,2020,17.92,0.08
Belgium,BEL,2021,17.61,0.04
Belgium,BEL,2022,19.04,0.05
Belgium,BEL,2023,22.93,0.05
Belize,BLZ,2019,0.01,0
Belize,BLZ,2020,0.01,0
Belize,BLZ,2021,0.01,0
Belize,BLZ,2022,0.01,0
Benin,BEN,2019,0.01,0
Benin,BEN,2020,0.01,0
Benin,BEN,2021,0.02,0
Benin,BEN,2022,0.02,0
Bolivia,BOL,2014,0.02,0
Bolivia,BOL,2015,0.01,0
Bolivia,BOL,2016,0.04,0
Bolivia,BOL,2017,0.07,0
Bolivia,BOL,2018,0.19,0
Bolivia,BOL,2019,0.26,0
Bolivia,BOL,2020,0.39,0
Bolivia,BOL,2021,0.48,0
Bolivia,BOL,2022,0.78,0
Bolivia,BOL,2023,0.82,0
Bosnia and Herzegovina,BIH,2000,0,5.29
Bosnia and Herzegovina,BIH,2001,0,5.36
Bosnia and Herzegovina,BIH,2002,0,5.38
Bosnia and Herzegovina,BIH,2003,0,6.63
Bosnia and Herzegovina,BIH,2004,0,6.62
Bosnia and Herzegovina,BIH,2005,0,6.46
Bosnia and Herzegovina,BIH,2006,0,7.29
Bosnia and Herzegovina,BIH,2007,0,7.63
Bosnia and Herzegovina,BIH,2008,0,9.8
Bosnia and Herzegovina,BIH,2009,0,9.15
Bosnia and Herzegovina,BIH,2010,0,8.8
Bosnia and Herzegovina,BIH,2011,0,10.59
Bosnia and Herzegovina,BIH,2012,0,9.58
Bosnia and Herzegovina,BIH,2013,0,9.93
Bosnia and Herzegovina,BIH,2014,0.01,11.01
Bosnia and Herzegovina,BIH,2015,0.01,10.8
Bosnia and Herzegovina,BIH,2016,0.02,12.02
Bosnia and Herzegovina,BIH,2017,0.02,12.34
Bosnia and Herzegovina,BIH,2018,0.12,12.44
Bosnia and Herzegovina,BIH,2019,0.28,10.96
Bosnia and Herzegovina,BIH,2020,0.31,11.85
Bosnia and Herzegovina,BIH,2021,0.45,11.2
Bosnia and Herzegovina,BIH,2022,0.53,10.98
Bosnia and Herzegovina,BIH,2023,0.46,9.99
Botswana,BWA,2000,0,1.11
Botswana,BWA,2001,0,1.11
Botswana,BWA,2002,0,1.12
Botswana,BWA,2003,0,1.01
Botswana,BWA,2004,0,0.92
Botswana,BWA,2005,0,1.05
Botswana,BWA,2006,0,0.98
Botswana,BWA,2007,0,0.82
Botswana,BWA,2008,0,0.7
Botswana,BWA,2009,0,0.62
Botswana,BWA,2010,0,0.53
Botswana,BWA,2011,0,0.44
Botswana,BWA,2012,0,0.25
Botswana,BWA,2013,0,0.76
Botswana,BWA,2014,0,2.21
Botswana,BWA,2015,0,2.86
Botswana,BWA,2016,0,2.68
Botswana,BWA,2017,0,3.01
Botswana,BWA,2018,0.01,3.09
Botswana,BWA,2019,0.01,2.5
Botswana,BWA,2020,0.01,2.12
Botswana,BWA,2021,0.01,2.39
Botswana,BWA,2022,0.01,2.52
Brazil,BRA,1990,0,4.62
Brazil,BRA,1991,0,5.53
Brazil,BRA,1992,0,5.00
Brazil,BRA,1993,0,4.90
Brazil,BRA,1994,0,4.97
Brazil,BRA,1995,0,5.44
Brazil,BRA,1996,0.00,6.02
Brazil,BRA,1997,0.00,7.31
Brazil,BRA,1998,0.00,6.97
Brazil,BRA,1999,0.00,9.71
Brazil,BRA,2000,0,10.93
Brazil,BRA,2001,0.03,11.08
Brazil,BRA,2002,0.06,9.12
Brazil,BRA,2003,0.06,9.01
Brazil,BRA,2004,0.06,10.37
Brazil,BRA,2005,0.09,10.68
Brazil,BRA,2006,0.24,10.47
Brazil,BRA,2007,0.66,10.08
Brazil,BRA,2008,1.18,11.96
Brazil,BRA,2009,1.24,9.97
Brazil,BRA,2010,2.18,11.29
Brazil,BRA,2011,2.7,12.6
Brazil,BRA,2012,5.05,14.47
Brazil,BRA,2013,6.58,21.97
Brazil,BRA,2014,12.23,26.9
Brazil,BRA,2015,21.68,26.98
Brazil,BRA,2016,33.58,25.67
Brazil,BRA,2017,43.2,22.85
Brazil,BRA,2018,51.94,20.8
Brazil,BRA,2019,62.64,21.68
Brazil,BRA,2020,67.8,17.75
Brazil,BRA,2021,89.04,24.24
Brazil,BRA,2022,111.75,16.46
Brazil,BRA,2023,147.45,17.19
Brunei,BRN,2019,0,0.48
Brunei,BRN,2020,0,1.23
Brunei,BRN,2021,0,1.24
Brunei,BRN,2022,0,1.22
Bulgaria,BGR,1990,0,20.98
Bulgaria,BGR,1991,0,20.78
Bulgaria,BGR,1992,0,17.81
Bulgaria,BGR,1993,0,17.16
Bulgaria,BGR,1994,0,16.89
Bulgaria,BGR,1995,0,17.33
Bulgaria,BGR,1996,0,17.16
Bulgaria,BGR,1997,0,18.89
Bulgaria,BGR,1998,0,18.3
Bulgaria,BGR,1999,0,16.27
Bulgaria,BGR,2000,0,16.94
Bulgaria,BGR,2001,0,19.5
Bulgaria,BGR,2002,0,17.18
Bulgaria,BGR,2003,0,19.24
Bulgaria,BGR,2004,0,18.9
Bulgaria,BGR,2005,0,18.46
Bulgaria,BGR,2006,0.02,19.09
Bulgaria,BGR,2007,0.05,22.37
Bulgaria,BGR,2008,0.12,23.18
Bulgaria,BGR,2009,0.24,21.1
Bulgaria,BGR,2010,0.69,22.61
Bulgaria,BGR,2011,0.96,27.53
Bulgaria,BGR,2012,2,22.87
Bulgaria,BGR,2013,2.76,19.39
Bulgaria,BGR,2014,2.59,21.31
Bulgaria,BGR,2015,2.83,22.53
Bulgaria,BGR,2016,2.81,19.37
Bulgaria,BGR,2017,2.9,20.92
Bulgaria,BGR,2018,2.66,18.66
Bulgaria,BGR,2019,2.74,17.2
Bulgaria,BGR,2020,2.95,13.51
Bulgaria,BGR,2021,2.9,17.09
Bulgaria,BGR,2022,3.53,21.79
Bulgaria,BGR,2023,5.06,11.56
Burkina Faso,BFA,2010,0.01,0
Burkina Faso,BFA,2011,0.01,0
Burkina Faso,BFA,2012,0.01,0
Burkina Faso,BFA,2013,0.01,0
Burkina Faso,BFA,2014,0.01,0
Burkina Faso,BFA,2015,0.01,0
Burkina Faso,BFA,2016,0.02,0
Burkina Faso,BFA,2017,0.03,0
Burkina Faso,BFA,2018,0.1,0
Burkina Faso,BFA,2019,0.1,0
Burkina Faso,BFA,2020,0.1,0
Burkina Faso,BFA,2021,0.12,0
Burkina Faso,BFA,2022,0.12,0
Burundi,BDI,2016,0.01,0
Burundi,BDI,2017,0.01,0
Burundi,BDI,2018,0.01,0
Burundi,BDI,2019,0.01,0
Burundi,BDI,2020,0.01,0
Burundi,BDI,2021,0.01,0
Burundi,BDI,2022,0.01,0
Cambodia,KHM,2009,0,0.03
Cambodia,KHM,2010,0,0.03
Cambodia,KHM,2011,0,0.05
Cambodia,KHM,2012,0.01,0.04
Cambodia,KHM,2013,0.01,0.18
Cambodia,KHM,2014,0.01,0.91
Cambodia,KHM,2015,0.02,2.32
Cambodia,KHM,2016,0.03,2.68
Cambodia,KHM,2017,0.03,3.75
Cambodia,KHM,2018,0.04,3.21
Cambodia,KHM,2019,0.12,3.93
Cambodia,KHM,2020,0.31,4.13
Cambodia,KHM,2021,0.37,3.65
Cambodia,KHM,2022,0.39,3.84
Cameroon,CMR,2014,0.01,0
Cameroon,CMR,2015,0.01,0
Cameroon,CMR,2016,0.01,0
Cameroon,CMR,2017,0.02,0
Cameroon,CMR,2018,0.02,0
Cameroon,CMR,2019,0.02,0
Cameroon,CMR,2020,0.02,0
Cameroon,CMR,2021,0.02,0
Cameroon,CMR,2022,0.02,0
Canada,CAN,1990,0.00,82.22
Canada,CAN,1991,0.00,88.48
Canada,CAN,1992,0.06,90.03
Canada,CAN,1993,0.06,82.38
Canada,CAN,1994,0.06,86.65
Canada,CAN,1995,0.06,91.60
Canada,CAN,1996,0.06,89.62
Canada,CAN,1997,0.06,96.92
Canada,CAN,1998,0.07,105.99
Canada,CAN,1999,0.17,106.18
Canada,CAN,2000,0.28,116.23
Canada,CAN,2001,0.35,111.69
Canada,CAN,2002,0.43,110.7
Canada,CAN,2003,0.71,109.56
Canada,CAN,2004,0.95,99.9
Canada,CAN,2005,1.59,102.86
Canada,CAN,2006,2.49,95.92
Canada,CAN,2007,3.04,106.47
Canada,CAN,2008,3.83,100.8
Canada,CAN,2009,6.75,84.72
Canada,CAN,2010,8.98,86.45
Canada,CAN,2011,10.75,79.9
Canada,CAN,2012,12.19,69.35
Canada,CAN,2013,12.65,70.54
Canada,CAN,2014,14.94,69.38
Canada,CAN,2015,29.85,64.96
Canada,CAN,2016,34.96,65.02
Canada,CAN,2017,35.08,62.81
Canada,CAN,2018,37.27,53.02
Canada,CAN,2019,36.96,50.14
Canada,CAN,2020,40.03,40.3
Canada,CAN,2021,39.93,35.83
Canada,CAN,2022,43.54,35.49
Canada,CAN,2023,45.57,32.33
Cape Verde,CPV,2000,0.01,0
Cape Verde,CPV,2001,0.01,0
Cape Verde,CPV,2002,0.01,0
Cape Verde,CPV,2004,0.01,0
Cape Verde,CPV,2005,0.01,0
Cape Verde,CPV,2006,0.01,0
Cape Verde,CPV,2007,0.01,0
Cape Verde,CPV,2008,0.01,0
Cape Verde,CPV,2009,0.01,0
Cape Verde,CPV,2011,0.03,0
Cape Verde,CPV,2012,0.07,0
Cape Verde,CPV,2013,0.08,0
Cape Verde,CPV,2014,0.08,0
Cape Verde,CPV,2015,0.08,0
Cape Verde,CPV,2016,0.08,0
Cape Verde,CPV,2017,0.08,0
Cape Verde,CPV,2018,0.08,0
Cape Verde,CPV,2019,0.08,0
Cape Verde,CPV,2020,0.07,0
Cape Verde,CPV,2021,0.07,0
Cape Verde,CPV,2022,0.07,0
Cayman Islands,CYM,2017,0.01,0
Cayman Islands,CYM,2018,0.01,0
Cayman Islands,CYM,2019,0.02,0
Cayman Islands,CYM,2020,0.02,0
Cayman Islands,CYM,2021,0.02,0
Cayman Islands,CYM,2022,0.02,0
Chad,TCD,2016,0.01,0
Chad,TCD,2017,0.01,0
Chad,TCD,2018,0.01,0
Chad,TCD,2019,0.01,0
Chad,TCD,2020,0.01,0
Chad,TCD,2021,0.01,0
Chad,TCD,2022,0.01,0
Chile,CHL,2000,0,8.92
Chile,CHL,2001,0,5.74
Chile,CHL,2002,0,6.42
Chile,CHL,2003,0,6.14
Chile,CHL,2004,0,8.9
Chile,CHL,2005,0,8.45
Chile,CHL,2006,0,11.61
Chile,CHL,2007,0,14.23
Chile,CHL,2008,0.03,14.79
Chile,CHL,2009,0.07,15.26
Chile,CHL,2010,0.32,17.5
Chile,CHL,2011,0.32,21.19
Chile,CHL,2012,0.39,26.34
Chile,CHL,2013,0.56,31.05
Chile,CHL,2014,1.89,28.36
Chile,CHL,2015,3.46,28.1
Chile,CHL,2016,4.81,31.95
Chile,CHL,2017,7.45,29.39
Chile,CHL,2018,9.46,29.31
Chile,CHL,2019,11.20,28.4
Chile,CHL,2020,13.18,27.01
Chile,CHL,2021,18,27.67
Chile,CHL,2022,23.34,19.16
Chile,CHL,2023,26.52,13.96
China,CHN,1985,0,260.64
China,CHN,1986,0,299.61
China,CHN,1987,0,339.86
China,CHN,1988,0,373.65
China,CHN,1989,0,405.06
China,CHN,1990,0.00,441.25
China,CHN,1991,0.01,498.43
China,CHN,1992,0.13,567.32
China,CHN,1993,0.21,589.22
China,CHN,1994,0.38,693.40
China,CHN,1995,0.62,741.88
China,CHN,1996,0.10,824.18
China,CHN,1997,0.20,867.02
China,CHN,1998,0.36,891.67
China,CHN,1999,0.49,969.68
China,CHN,2000,0.60,1060.26
China,CHN,2001,0.75,1129.14
China,CHN,2002,0.89,1282.57
China,CHN,2003,1.06,1519.97
China,CHN,2004,1.36,1722.42
China,CHN,2005,2.03,1980.15
China,CHN,2006,3.8,2302.42
China,CHN,2007,5.59,2656.7
China,CHN,2008,13.25,2708.91
China,CHN,2009,27.89,2911.52
China,CHN,2010,50.10,3233.6
China,CHN,2011,76.71,3690.87
China,CHN,2012,106.64,3748.19
China,CHN,2013,146.62,4077.37
China,CHN,2014,183.26,4203.06
China,CHN,2015,225.06,4046.17
China,CHN,2016,307.39,4156.35
China,CHN,2017,422.40,4430.03
China,CHN,2018,542.69,4763.92
China,CHN,2019,629.3,4855.19
China,CHN,2020,727.6,4921.96
China,CHN,2021,982.8,5328.83
China,CHN,2022,1190.42,5397.8
China,CHN,2023,1470.02,5741.51
Colombia,COL,2000,0.01,2.08
Colombia,COL,2001,0.01,2.23
Colombia,COL,2002,0.01,2.17
Colombia,COL,2003,0.01,2.81
Colombia,COL,2004,0.06,1.86
Colombia,COL,2005,0.06,2.33
Colombia,COL,2006,0.07,2.84
Colombia,COL,2007,0.06,3.39
Colombia,COL,2008,0.06,2.92
Colombia,COL,2009,0.07,4.17
Colombia,COL,2010,0.04,4.04
Colombia,COL,2011,0.04,2.25
Colombia,COL,2012,0.06,3.36
Colombia,COL,2013,0.07,6.04
Colombia,COL,2014,0.08,5.46
Colombia,COL,2015,0.08,7.06
Colombia,COL,2016,0.06,6.18
Colombia,COL,2017,0.01,3.15
Colombia,COL,2018,0.06,4.52
Colombia,COL,2019,0.19,8.13
Colombia,COL,2020,0.2,9.37
Colombia,COL,2021,0.39,4.5
Colombia,COL,2022,0.39,4.4
Colombia,COL,2023,1.25,8.51
Cook Islands,COK,2017,0.01,0
Cook Islands,COK,2018,0.02,0
Cook Islands,COK,2019,0.01,0
Cook Islands,COK,2020,0.01,0
Cook Islands,COK,2021,0.02,0
Cook Islands,COK,2022,0.02,0
Costa Rica,CRI,2000,0.18,0
Costa Rica,CRI,2001,0.19,0
Costa Rica,CRI,2002,0.26,0
Costa Rica,CRI,2003,0.31,0
Costa Rica,CRI,2004,0.26,0
Costa Rica,CRI,2005,0.2,0
Costa Rica,CRI,2006,0.27,0
Costa Rica,CRI,2007,0.24,0
Costa Rica,CRI,2008,0.2,0
Costa Rica,CRI,2009,0.33,0
Costa Rica,CRI,2010,0.36,0
Costa Rica,CRI,2011,0.41,0
Costa Rica,CRI,2012,0.53,0
Costa Rica,CRI,2013,0.51,0
Costa Rica,CRI,2014,0.76,0
Costa Rica,CRI,2015,1.11,0
Costa Rica,CRI,2016,1.18,0
Costa Rica,CRI,2017,1.32,0
Costa Rica,CRI,2018,1.85,0
Costa Rica,CRI,2019,1.88,0
Costa Rica,CRI,2020,1.54,0
Costa Rica,CRI,2021,1.65,0
Costa Rica,CRI,2022,1.44,0
Costa Rica,CRI,2023,1.54,0
Cote d'Ivoire,CIV,2017,0.01,0
Cote d'Ivoire,CIV,2018,0.01,0
Cote d'Ivoire,CIV,2019,0.01,0
Cote d'Ivoire,CIV,2020,0.02,0
Cote d'Ivoire,CIV,2021,0.02,0
Cote d'Ivoire,CIV,2022,0.02,0
Croatia,HRV,1990,0,0.63
Croatia,HRV,1991,0,0.39
Croatia,HRV,1992,0,0.66
Croatia,HRV,1993,0,0.45
Croatia,HRV,1994,0,0.1
Croatia,HRV,1995,0,0.24
Croatia,HRV,1996,0,0.12
Croatia,HRV,1997,0,0.51
Croatia,HRV,1998,0,0.54
Croatia,HRV,1999,0,0.52
Croatia,HRV,2000,0,1.55
Croatia,HRV,2001,0,1.64
Croatia,HRV,2002,0,2.11
Croatia,HRV,2003,0,2.4
Croatia,HRV,2004,0,2.14
Croatia,HRV,2005,0.01,2.33
Croatia,HRV,2006,0.02,2.25
Croatia,HRV,2007,0.03,2.42
Croatia,HRV,2008,0.04,2.49
Croatia,HRV,2009,0.05,1.65
Croatia,HRV,2010,0.14,2.38
Croatia,HRV,2011,0.2,2.58
Croatia,HRV,2012,0.33,2.24
Croatia,HRV,2013,0.53,2.42
Croatia,HRV,2014,0.77,2.37
Croatia,HRV,2015,0.86,2.31
Croatia,HRV,2016,1.08,2.6
Croatia,HRV,2017,1.28,1.37
Croatia,HRV,2018,1.41,1.45
Croatia,HRV,2019,1.55,1.64
Croatia,HRV,2020,1.82,1.22
Croatia,HRV,2021,2.21,1.46
Croatia,HRV,2022,2.43,1.56
Croatia,HRV,2023,2.71,1.35
Cuba,CUB,2008,0.01,0
Cuba,CUB,2010,0.01,0
Cuba,CUB,2011,0.02,0
Cuba,CUB,2012,0.03,0
Cuba,CUB,2013,0.13,0
Cuba,CUB,2014,0.11,0
Cuba,CUB,2015,0.14,0
Cuba,CUB,2016,0.16,0
Cuba,CUB,2017,0.09,0
Cuba,CUB,2018,0.17,0
Cuba,CUB,2019,0.25,0
Cuba,CUB,2020,0.26,0
Cuba,CUB,2021,0.28,0
Cuba,CUB,2022,0.29,0
Cyprus,CYP,2010,0.04,0
Cyprus,CYP,2011,0.12,0
Cyprus,CYP,2012,0.21,0
Cyprus,CYP,2013,0.28,0
Cyprus,CYP,2014,0.26,0
Cyprus,CYP,2015,0.35,0
Cyprus,CYP,2016,0.38,0
Cyprus,CYP,2017,0.38,0
Cyprus,CYP,2018,0.42,0
Cyprus,CYP,2019,0.45,0
Cyprus,CYP,2020,0.54,0
Cyprus,CYP,2021,0.72,0
Cyprus,CYP,2022,0.82,0
Cyprus,CYP,2023,1.03,0
Czechia,CZE,1990,0,47.02
Czechia,CZE,1991,0,45.6
Czechia,CZE,1992,0,43.91
Czechia,CZE,1993,0,43.27
Czechia,CZE,1994,0,42.24
Czechia,CZE,1995,0,44.34
Czechia,CZE,1996,0,45.43
Czechia,CZE,1997,0,45.73
Czechia,CZE,1998,0,45.31
Czechia,CZE,1999,0,44.15
Czechia,CZE,2000,0,52.75
Czechia,CZE,2001,0,52.59
Czechia,CZE,2002,0,49.91
Czechia,CZE,2003,0,50.77
Czechia,CZE,2004,0.01,50.31
Czechia,CZE,2005,0.02,49.52
Czechia,CZE,2006,0.05,49.65
Czechia,CZE,2007,0.13,53.79
Czechia,CZE,2008,0.25,48.77
Czechia,CZE,2009,0.38,45.94
Czechia,CZE,2010,0.96,46.9
Czechia,CZE,2011,2.58,46.68
Czechia,CZE,2012,2.57,43.98
Czechia,CZE,2013,2.51,41.12
Czechia,CZE,2014,2.6,40.73
Czechia,CZE,2015,2.83,41.14
Czechia,CZE,2016,2.63,41.97
Czechia,CZE,2017,2.79,41.44
Czechia,CZE,2018,2.96,41.2
Czechia,CZE,2019,3.02,37.33
Czechia,CZE,2020,2.99,31
Czechia,CZE,2021,2.85,34.18
Czechia,CZE,2022,3.28,36.88
Czechia,CZE,2023,3.77,30.63
Democratic Republic of Congo,COD,2017,0.01,0
Democratic Republic of Congo,COD,2018,0.01,0
Democratic Republic of Congo,COD,2019,0.01,0
Democratic Republic of Congo,COD,2020,0.01,0
Democratic Republic of Congo,COD,2021,0.01,0
Democratic Republic of Congo,COD,2022,0.01,0
Denmark,DNK,1990,0.61,23.56
Denmark,DNK,1991,0.74,33.44
Denmark,DNK,1992,0.92,26.96
Denmark,DNK,1993,1.03,29.33
Denmark,DNK,1994,1.14,33.29
Denmark,DNK,1995,1.18,27.36
Denmark,DNK,1996,1.23,39.67
Denmark,DNK,1997,1.93,28.76
Denmark,DNK,1998,2.82,23.65
Denmark,DNK,1999,3.03,20.08
Denmark,DNK,2000,4.24,16.67
Denmark,DNK,2001,4.31,17.82
Denmark,DNK,2002,4.88,18.26
Denmark,DNK,2003,5.56,25.31
Denmark,DNK,2004,6.59,18.67
Denmark,DNK,2005,6.61,15.46
Denmark,DNK,2006,6.1,24.57
Denmark,DNK,2007,7.17,19.89
Denmark,DNK,2008,6.93,17.46
Denmark,DNK,2009,6.73,17.69
Denmark,DNK,2010,7.82,17.01
Denmark,DNK,2011,9.78,13.98
Denmark,DNK,2012,10.37,10.54
Denmark,DNK,2013,11.63,14.29
Denmark,DNK,2014,13.68,11.06
Denmark,DNK,2015,14.73,7.11
Denmark,DNK,2016,13.51,8.87
Denmark,DNK,2017,15.53,6.21
Denmark,DNK,2018,14.84,6.57
Denmark,DNK,2019,17.10,3.31
Denmark,DNK,2020,17.51,3.06
Denmark,DNK,2021,17.35,4.37
Denmark,DNK,2022,21.13,4.43
Denmark,DNK,2023,22.52,2.67
Dominican Republic,DOM,2001,0,0.14
Dominican Republic,DOM,2002,0,0.59
Dominican Republic,DOM,2003,0,1.35
Dominican Republic,DOM,2004,0,1.32
Dominican Republic,DOM,2005,0,1.43
Dominican Republic,DOM,2006,0,1.96
Dominican Republic,DOM,2007,0,2.07
Dominican Republic,DOM,2008,0,2.04
Dominican Republic,DOM,2009,0,1.93
Dominican Republic,DOM,2010,0,1.85
Dominican Republic,DOM,2011,0.01,2
Dominican Republic,DOM,2012,0.1,2.12
Dominican Republic,DOM,2013,0.25,2.21
Dominican Republic,DOM,2014,0.26,2.42
Dominican Republic,DOM,2015,0.32,2.31
Dominican Republic,DOM,2016,0.39,2.36
Dominican Republic,DOM,2017,0.53,2.41
Dominican Republic,DOM,2018,0.73,2.28
Dominican Republic,DOM,2019,1.15,2.51
Dominican Republic,DOM,2020,1.56,2.52
Dominican Republic,DOM,2021,1.81,5.76
Dominican Republic,DOM,2022,1.88,6.04
Ecuador,ECU,2013,0.06,0
Ecuador,ECU,2014,0.09,0
Ecuador,ECU,2015,0.14,0
Ecuador,ECU,2016,0.12,0
Ecuador,ECU,2017,0.11,0
Ecuador,ECU,2018,0.12,0
Ecuador,ECU,2019,0.13,0
Ecuador,ECU,2020,0.12,0
Ecuador,ECU,2021,0.09,0
Ecuador,ECU,2022,0.09,0
Ecuador,ECU,2023,0.11,0
Egypt,EGY,1999,0.01,0
Egypt,EGY,2000,0.08,0
Egypt,EGY,2001,0.18,0
Egypt,EGY,2002,0.21,0
Egypt,EGY,2003,0.29,0
Egypt,EGY,2004,0.5,0
Egypt,EGY,2005,0.51,0
Egypt,EGY,2006,0.61,0
Egypt,EGY,2007,0.66,0
Egypt,EGY,2008,0.93,0
Egypt,EGY,2009,1.04,0
Egypt,EGY,2010,1.43,0
Egypt,EGY,2011,1.73,0
Egypt,EGY,2012,1.84,0
Egypt,EGY,2013,1.61,0
Egypt,EGY,2014,1.17,0
Egypt,EGY,2015,1.93,0
Egypt,EGY,2016,2.63,0
Egypt,EGY,2017,2.71,0
Egypt,EGY,2018,3.54,0
Egypt,EGY,2019,6.47,0
Egypt,EGY,2020,9.68,0
Egypt,EGY,2021,10.46,0
Egypt,EGY,2022,10.17,0
Egypt,EGY,2023,9.80,0
El Salvador,SLV,2013,0.01,0
El Salvador,SLV,2014,0.02,0
El Salvador,SLV,2015,0.03,0
El Salvador,SLV,2016,0.04,0
El Salvador,SLV,2017,0.19,0
El Salvador,SLV,2018,0.31,0
El Salvador,SLV,2019,0.5,0
El Salvador,SLV,2020,0.91,0
El Salvador,SLV,2021,1.08,0
El Salvador,SLV,2022,1.03,0
El Salvador,SLV,2023,1.11,0
Eritrea,ERI,2017,0.01,0
Eritrea,ERI,2018,0.01,0
Eritrea,ERI,2019,0.01,0
Eritrea,ERI,2020,0.01,0
Eritrea,ERI,2021,0.01,0
Eritrea,ERI,2022,0.01,0
Estonia,EST,2003,0.01,0
Estonia,EST,2004,0.01,0
Estonia,EST,2005,0.05,0
Estonia,EST,2006,0.08,0
Estonia,EST,2007,0.09,0
Estonia,EST,2008,0.13,0
Estonia,EST,2009,0.2,0
Estonia,EST,2010,0.28,0
Estonia,EST,2011,0.37,0
Estonia,EST,2012,0.43,0
Estonia,EST,2013,0.53,0.01
Estonia,EST,2014,0.6,0.01
Estonia,EST,2015,0.71,0
Estonia,EST,2016,0.59,0
Estonia,EST,2017,0.73,0.02
Estonia,EST,2018,0.66,0
Estonia,EST,2019,0.76,0
Estonia,EST,2020,1.08,0
Estonia,EST,2021,1.08,0
Estonia,EST,2022,1.23,0
Estonia,EST,2023,1.52,0
Eswatini,SWZ,2000,0,0.01
Eswatini,SWZ,2001,0,0.01
Eswatini,SWZ,2002,0,0.02
Eswatini,SWZ,2003,0,0.02
Eswatini,SWZ,2004,0,0.02
Eswatini,SWZ,2005,0,0.01
Eswatini,SWZ,2006,0,0.01
Eswatini,SWZ,2007,0,0.01
Eswatini,SWZ,2008,0,0.01
Eswatini,SWZ,2009,0,0.01
Eswatini,SWZ,2010,0,0.01
Eswatini,SWZ,2011,0,0.01
Eswatini,SWZ,2012,0,0.02
Eswatini,SWZ,2013,0,0.02
Eswatini,SWZ,2014,0,0.02
Eswatini,SWZ,2015,0,0.02
Eswatini,SWZ,2016,0,0.03
Eswatini,SWZ,2017,0,0.02
Eswatini,SWZ,2018,0,0.02
Eswatini,SWZ,2019,0,0.04
Eswatini,SWZ,2020,0,0.04
Eswatini,SWZ,2021,0,0.04
Eswatini,SWZ,2022,0,0.04
Ethiopia,ETH,2011,0.03,0
Ethiopia,ETH,2012,0.19,0
Ethiopia,ETH,2013,0.37,0
Ethiopia,ETH,2014,0.52,0
Ethiopia,ETH,2015,0.78,0
Ethiopia,ETH,2016,0.79,0
Ethiopia,ETH,2017,0.54,0
Ethiopia,ETH,2018,0.87,0
Ethiopia,ETH,2019,0.63,0
Ethiopia,ETH,2020,0.84,0
Ethiopia,ETH,2021,0.59,0
Ethiopia,ETH,2022,0.63,0
Falkland Islands,FLK,2011,0.01,0
Falkland Islands,FLK,2012,0.01,0
Falkland Islands,FLK,2013,0.01,0
Falkland Islands,FLK,2014,0.01,0
Falkland Islands,FLK,2015,0.01,0
Falkland Islands,FLK,2016,0.01,0
Falkland Islands,FLK,2017,0.01,0
Falkland Islands,FLK,2018,0.01,0
Falkland Islands,FLK,2019,0.01,0
Falkland Islands,FLK,2020,0.01,0
Falkland Islands,FLK,2021,0.01,0
Falkland Islands,FLK,2022,0.01,0
Faroe Islands,FRO,2004,0.01,0
Faroe Islands,FRO,2005,0.01,0
Faroe Islands,FRO,2006,0.01,0
Faroe Islands,FRO,2007,0.02,0
Faroe Islands,FRO,2008,0.01,0
Faroe Islands,FRO,2009,0.01,0
Faroe Islands,FRO,2010,0.01,0
Faroe Islands,FRO,2011,0.01,0
Faroe Islands,FRO,2012,0.01,0
Faroe Islands,FRO,2013,0.02,0
Faroe Islands,FRO,2014,0.04,0
Faroe Islands,FRO,2015,0.06,0
Faroe Islands,FRO,2016,0.05,0
Faroe Islands,FRO,2017,0.06,0
Faroe Islands,FRO,2018,0.06,0
Faroe Islands,FRO,2019,0.05,0
Faroe Islands,FRO,2020,0.05,0
Faroe Islands,FRO,2021,0.05,0
Faroe Islands,FRO,2022,0.05,0
Fiji,FJI,2007,0.01,0
Fiji,FJI,2008,0.02,0
Fiji,FJI,2009,0.02,0
Fiji,FJI,2010,0.01,0
Fiji,FJI,2012,0.01,0
Fiji,FJI,2015,0.01,0
Fiji,FJI,2016,0.01,0
Fiji,FJI,2017,0.01,0
Fiji,FJI,2018,0.01,0
Fiji,FJI,2019,0.01,0
Fiji,FJI,2020,0.01,0
Fiji,FJI,2021,0.01,0
Fiji,FJI,2022,0.01,0
Finland,FIN,1990,0,9.66
Finland,FIN,1991,0,9.79
Finland,FIN,1992,0,7.66
Finland,FIN,1993,0,9.84
Finland,FIN,1994,0.01,13.98
Finland,FIN,1995,0.01,11.07
Finland,FIN,1996,0.01,15.12
Finland,FIN,1997,0.02,12.84
Finland,FIN,1998,0.02,7.94
Finland,FIN,1999,0.05,8.95
Finland,FIN,2000,0.08,8.49
Finland,FIN,2001,0.07,10.61
Finland,FIN,2002,0.06,12.71
Finland,FIN,2003,0.09,19.25
Finland,FIN,2004,0.12,16.5
Finland,FIN,2005,0.17,6.5
Finland,FIN,2006,0.16,16.33
Finland,FIN,2007,0.19,13.89
Finland,FIN,2008,0.26,8.5
Finland,FIN,2009,0.28,11.13
Finland,FIN,2010,0.29,14.54
Finland,FIN,2011,0.48,9.78
Finland,FIN,2012,0.5,7.1
Finland,FIN,2013,0.78,10.69
Finland,FIN,2014,1.12,7.92
Finland,FIN,2015,2.34,5.12
Finland,FIN,2016,3.09,6.97
Finland,FIN,2017,4.84,5.86
Finland,FIN,2018,5.93,5.79
Finland,FIN,2019,6.17,4.36
Finland,FIN,2020,8.48,2.44
Finland,FIN,2021,8.81,2.67
Finland,FIN,2022,12.11,3.44
Finland,FIN,2023,15.28,1.58
France,FRA,1990,0,31.47
France,FRA,1991,0,39.61
France,FRA,1992,0,34.23
France,FRA,1993,0,20.96
France,FRA,1994,0,20.9
France,FRA,1995,0,24.18
France,FRA,1996,0.01,28.04
France,FRA,1997,0.01,22.18
France,FRA,1998,0.02,33.53
France,FRA,1999,0.04,29.28
France,FRA,2000,0.06,27
France,FRA,2001,0.14,20.48
France,FRA,2002,0.28,23.66
France,FRA,2003,0.39,26.26
France,FRA,2004,0.59,24.37
France,FRA,2005,0.96,27.51
France,FRA,2006,2.19,22.89
France,FRA,2007,4.09,24.45
France,FRA,2008,5.73,23.06
France,FRA,2009,8.08,21.67
France,FRA,2010,10.55,23.36
France,FRA,2011,14.7,17.39
France,FRA,2012,19.61,21.46
France,FRA,2013,21.32,23.84
France,FRA,2014,23.71,11.26
France,FRA,2015,29.17,11.89
France,FRA,2016,30.03,10.23
France,FRA,2017,34.2,12.81
France,FRA,2018,39.41,8.31
France,FRA,2019,46.9,3.64
France,FRA,2020,53.06,3.09
France,FRA,2021,52.2,5.44
France,FRA,2022,58.2,4.33
France,FRA,2023,71.87,2.16
French Polynesia,PYF,2011,0.01,0
French Polynesia,PYF,2012,0.01,0
French Polynesia,PYF,2013,0.02,0
French Polynesia,PYF,2014,0.03,0
French Polynesia,PYF,2015,0.03,0
French Polynesia,PYF,2016,0.03,0
French Polynesia,PYF,2017,0.04,0
French Polynesia,PYF,2018,0.04,0
French Polynesia,PYF,2019,0.04,0
French Polynesia,PYF,2020,0.04,0
French Polynesia,PYF,2021,0.05,0
French Polynesia,PYF,2022,0.05,0
Georgia,GEO,2016,0.01,0.02
Georgia,GEO,2017,0.09,0.02
Georgia,GEO,2018,0.08,0.01
Georgia,GEO,2019,0.09,0
Georgia,GEO,2020,0.09,0
Georgia,GEO,2021,0.08,0
Georgia,GEO,2022,0.09,0
Georgia,GEO,2023,0.09,0
Germany,DEU,1990,0.07,310.04
Germany,DEU,1991,0.22,307.67
Germany,DEU,1992,0.29,295.67
Germany,DEU,1993,0.67,293.25
Germany,DEU,1994,1.43,290.29
Germany,DEU,1995,1.71,289.14
Germany,DEU,1996,2.09,295.99
Germany,DEU,1997,3.04,284.34
Germany,DEU,1998,4.60,292.26
Germany,DEU,1999,5.55,281.27
Germany,DEU,2000,9.35,296.68
Germany,DEU,2001,10.56,293.74
Germany,DEU,2002,16.06,299.6
Germany,DEU,2003,19.4,304.63
Germany,DEU,2004,26.58,298.77
Germany,DEU,2005,29.08,288.14
Germany,DEU,2006,33.59,288.93
Germany,DEU,2007,43.64,297.1
Germany,DEU,2008,45.89,275.21
Germany,DEU,2009,46.14,253.45
Germany,DEU,2010,50.51,262.89
Germany,DEU,2011,69.85,262.46
Germany,DEU,2012,78.42,276.23
Germany,DEU,2013,83.36,288.2
Germany,DEU,2014,93.95,274.41
Germany,DEU,2015,118.70,272.2
Germany,DEU,2016,117.47,261.75
Germany,DEU,2017,144.45,241.26
Germany,DEU,2018,154.26,228.16
Germany,DEU,2019,171.11,171.45
Germany,DEU,2020,181.61,134.6
Germany,DEU,2021,163.99,164.65
Germany,DEU,2022,185.45,179.98
Germany,DEU,2023,198.84,135.35
Ghana,GHA,2016,0.03,0
Ghana,GHA,2017,0.03,0
Ghana,GHA,2018,0.03,0
Ghana,GHA,2019,0.05,0
Ghana,GHA,2020,0.06,0
Ghana,GHA,2021,0.13,0
Ghana,GHA,2022,0.13,0
Greece,GRC,1990,0,25.17
Greece,GRC,1991,0,23.7
Greece,GRC,1992,0.01,26.61
Greece,GRC,1993,0.05,27.79
Greece,GRC,1994,0.04,29.58
Greece,GRC,1995,0.03,28.7
Greece,GRC,1996,0.04,29.3
Greece,GRC,1997,0.04,30.63
Greece,GRC,1998,0.07,32.45
Greece,GRC,1999,0.16,32.38
Greece,GRC,2000,0.45,34.31
Greece,GRC,2001,0.76,35.43
Greece,GRC,2002,0.65,34.57
Greece,GRC,2003,1.02,35.17
Greece,GRC,2004,1.12,35.38
Greece,GRC,2005,1.27,35.54
Greece,GRC,2006,1.7,32.26
Greece,GRC,2007,1.82,34.68
Greece,GRC,2008,2.25,33.36
Greece,GRC,2009,2.59,34.19
Greece,GRC,2010,2.87,30.8
Greece,GRC,2011,3.92,31.07
Greece,GRC,2012,5.54,31.11
Greece,GRC,2013,7.79,26.4
Greece,GRC,2014,7.48,25.75
Greece,GRC,2015,8.52,22.11
Greece,GRC,2016,9.08,18.88
Greece,GRC,2017,9.53,18.76
Greece,GRC,2018,10.09,17.19
Greece,GRC,2019,11.7,12.12
Greece,GRC,2020,13.76,6.61
Greece,GRC,2021,15.73,5.32
Greece,GRC,2022,18.01,5.76
Greece,GRC,2023,20.3,4.72
Grenada,GRD,2022,0.01,0
Guadeloupe,GLP,2000,0.01,0.34
Guadeloupe,GLP,2001,0.02,0.34
Guadeloupe,GLP,2002,0.03,0.3
Guadeloupe,GLP,2003,0.03,0.33
Guadeloupe,GLP,2004,0.03,0.3
Guadeloupe,GLP,2005,0.02,0.26
Guadeloupe,GLP,2006,0.03,0.34
Guadeloupe,GLP,2007,0.04,0.33
Guadeloupe,GLP,2008,0.05,0.34
Guadeloupe,GLP,2009,0.06,0.22
Guadeloupe,GLP,2010,0.06,0.28
Guadeloupe,GLP,2011,0.08,0.51
Guadeloupe,GLP,2012,0.14,0.55
Guadeloupe,GLP,2013,0.16,0.54
Guadeloupe,GLP,2014,0.15,0.49
Guadeloupe,GLP,2015,0.15,0.41
Guadeloupe,GLP,2016,0.14,0.51
Guadeloupe,GLP,2017,0.14,0.49
Guadeloupe,GLP,2018,0.15,0.45
Guadeloupe,GLP,2019,0.16,0.39
Guadeloupe,GLP,2020,0.18,0.28
Guadeloupe,GLP,2021,0.22,0.23
Guam,GUM,2015,0.03,0
Guam,GUM,2016,0.07,0
Guam,GUM,2017,0.06,0
Guam,GUM,2018,0.07,0
Guam,GUM,2019,0.07,0
Guam,GUM,2020,0.07,0
Guam,GUM,2021,0.08,0
Guam,GUM,2022,0.09,0
Guatemala,GTM,2000,0,0.54
Guatemala,GTM,2001,0,0.92
Guatemala,GTM,2002,0,1.02
Guatemala,GTM,2003,0,0.97
Guatemala,GTM,2004,0,1.12
Guatemala,GTM,2005,0,1.07
Guatemala,GTM,2006,0,1.1
Guatemala,GTM,2007,0,1.13
Guatemala,GTM,2008,0,1.14
Guatemala,GTM,2009,0,0.73
Guatemala,GTM,2010,0,1.17
Guatemala,GTM,2011,0,1.19
Guatemala,GTM,2012,0,1.24
Guatemala,GTM,2013,0,1.59
Guatemala,GTM,2014,0.01,1.88
Guatemala,GTM,2015,0.26,2.92
Guatemala,GTM,2016,0.41,3.53
Guatemala,GTM,2017,0.42,3.43
Guatemala,GTM,2018,0.52,3.9
Guatemala,GTM,2019,0.56,4.06
Guatemala,GTM,2020,0.53,2.62
Guatemala,GTM,2021,0.55,3.34
Guatemala,GTM,2022,0.58,3.48
Guinea,GIN,2015,0.02,0
Guinea,GIN,2016,0.02,0
Guinea,GIN,2017,0.02,0
Guinea,GIN,2018,0.02,0
Guinea,GIN,2019,0.02,0
Guinea,GIN,2020,0.02,0
Guinea,GIN,2021,0.02,0
Guinea,GIN,2022,0.02,0
Guyana,GUY,2017,0.01,0
Guyana,GUY,2018,0.01,0
Guyana,GUY,2019,0.02,0
Guyana,GUY,2020,0.01,0
Guyana,GUY,2021,0.01,0
Guyana,GUY,2022,0.01,0
Honduras,HND,2011,0.12,0.1
Honduras,HND,2012,0.34,0.1
Honduras,HND,2013,0.31,0.1
Honduras,HND,2014,0.41,0.13
Honduras,HND,2015,1.11,0.09
Honduras,HND,2016,1.47,0.04
Honduras,HND,2017,1.51,0
Honduras,HND,2018,1.93,0
Honduras,HND,2019,1.94,0
Honduras,HND,2020,1.81,0
Honduras,HND,2021,1.91,0.06
Honduras,HND,2022,1.96,0.07
Hong Kong,HKG,2000,0,18.87
Hong Kong,HKG,2001,0,19.83
Hong Kong,HKG,2002,0,21.87
Hong Kong,HKG,2003,0,27.58
Hong Kong,HKG,2004,0,25.59
Hong Kong,HKG,2005,0,27.03
Hong Kong,HKG,2006,0,26.58
Hong Kong,HKG,2007,0,28.52
Hong Kong,HKG,2008,0,25.88
Hong Kong,HKG,2009,0,27.4
Hong Kong,HKG,2010,0,23.79
Hong Kong,HKG,2011,0,27.78
Hong Kong,HKG,2012,0,24.88
Hong Kong,HKG,2013,0,29.3
Hong Kong,HKG,2014,0,30.4
Hong Kong,HKG,2015,0,24.89
Hong Kong,HKG,2016,0,25.12
Hong Kong,HKG,2017,0.01,23.94
Hong Kong,HKG,2018,0.01,21.99
Hong Kong,HKG,2019,0.02,21.06
Hong Kong,HKG,2020,0.05,13.08
Hong Kong,HKG,2021,0.09,14.53
Hong Kong,HKG,2022,0.09,14.03
Hong Kong,HKG,2023,0.24,0
Hungary,HUN,1990,0,8.55
Hungary,HUN,1991,0,8.04
Hungary,HUN,1992,0,9.11
Hungary,HUN,1993,0,9.02
Hungary,HUN,1994,0,8.73
Hungary,HUN,1995,0,9.08
Hungary,HUN,1996,0,9.61
Hungary,HUN,1997,0,9.39
Hungary,HUN,1998,0,9.56
Hungary,HUN,1999,0,10.18
Hungary,HUN,2000,0,9.59
Hungary,HUN,2001,0,8.84
Hungary,HUN,2002,0,8.98
Hungary,HUN,2003,0,9.17
Hungary,HUN,2004,0.01,8.18
Hungary,HUN,2005,0.01,7.02
Hungary,HUN,2006,0.04,7
Hungary,HUN,2007,0.11,7.37
Hungary,HUN,2008,0.2,7.08
Hungary,HUN,2009,0.33,6.34
Hungary,HUN,2010,0.53,6.23
Hungary,HUN,2011,0.63,6.48
Hungary,HUN,2012,0.78,6.34
Hungary,HUN,2013,0.74,6.3
Hungary,HUN,2014,0.73,5.99
Hungary,HUN,2015,0.83,5.79
Hungary,HUN,2016,0.92,5.63
Hungary,HUN,2017,1.11,4.93
Hungary,HUN,2018,1.24,4.67
Hungary,HUN,2019,2.23,4.03
Hungary,HUN,2020,3.11,3.71
Hungary,HUN,2021,4.46,3.01
Hungary,HUN,2022,5.34,2.99
Hungary,HUN,2023,7.23,2.78
Iceland,ISL,2014,0.01,0
Iceland,ISL,2015,0.01,0
Iceland,ISL,2016,0.01,0
Iceland,ISL,2017,0.01,0
Iceland,ISL,2019,0.01,0
Iceland,ISL,2020,0.01,0
Iceland,ISL,2021,0.01,0
Iceland,ISL,2022,0.01,0
Iceland,ISL,2023,0.00,0
India,IND,1985,0,116.03
India,IND,1986,0,129.90
India,IND,1987,0,152.8
India,IND,1988,0,164.67
India,IND,1989,0,184.97
India,IND,1990,0.03,191.63
India,IND,1991,0.11,214.11
India,IND,1992,0.08,229.41
India,IND,1993,0.09,252.78
India,IND,1994,0.19,264.60
India,IND,1995,0.49,296.29
India,IND,1996,0.88,312.23
India,IND,1997,0.99,325.82
India,IND,1998,1.08,336.48
India,IND,1999,1.45,365.43
India,IND,2000,1.59,390.23
India,IND,2001,2.1,408.29
India,IND,2002,2.1,426.7
India,IND,2003,2.62,441.47
India,IND,2004,5.25,463.01
India,IND,2005,6.00,478.48
India,IND,2006,9.35,505.46
India,IND,2007,11.74,533.27
India,IND,2008,14.44,573.12
India,IND,2009,16.35,611.11
India,IND,2010,19.57,642.97
India,IND,2011,24.78,701.25
India,IND,2012,29.53,787.13
India,IND,2013,33.44,847.97
India,IND,2014,38.36,949.93
India,IND,2015,39.31,1006.55
India,IND,2016,55.01,1073.6
India,IND,2017,74.17,1115.24
India,IND,2018,96.64,1198.86
India,IND,2019,109.58,1198.76
India,IND,2020,119.11,1143.78
India,IND,2021,136.4,1274.13
India,IND,2022,165.21,1380.1
India,IND,2023,195.51,1480.46
Indonesia,IDN,1985,0,5.21
Indonesia,IDN,1986,0,5.34
Indonesia,IDN,1987,0,6.18
Indonesia,IDN,1988,0,7.57
Indonesia,IDN,1989,0,8.50
Indonesia,IDN,1990,0,9.76
Indonesia,IDN,1991,0,11.04
Indonesia,IDN,1992,0,11.36
Indonesia,IDN,1993,0,10.68
Indonesia,IDN,1994,0,12.80
Indonesia,IDN,1995,0,14.36
Indonesia,IDN,1996,0,16.67
Indonesia,IDN,1997,0,20.47
Indonesia,IDN,1998,0,22.43
Indonesia,IDN,1999,0,26.33
Indonesia,IDN,2000,0,34
Indonesia,IDN,2001,0,37.71
Indonesia,IDN,2002,0,42.93
Indonesia,IDN,2003,0,46.46
Indonesia,IDN,2004,0,48.21
Indonesia,IDN,2005,0,51.83
Indonesia,IDN,2006,0,58.67
Indonesia,IDN,2007,0,63.9
Indonesia,IDN,2008,0,61.49
Indonesia,IDN,2009,0,65.91
Indonesia,IDN,2010,0,68.48
Indonesia,IDN,2011,0,81.09
Indonesia,IDN,2012,0,102.17
Indonesia,IDN,2013,0.01,111.25
Indonesia,IDN,2014,0.01,119.53
Indonesia,IDN,2015,0.01,124.66
Indonesia,IDN,2016,0.03,135.38
Indonesia,IDN,2017,0.03,147.96
Indonesia,IDN,2018,0.28,160.01
Indonesia,IDN,2019,0.59,174.49
Indonesia,IDN,2020,0.64,180.87
Indonesia,IDN,2021,0.63,189.96
Indonesia,IDN,2022,0.8,205.31
Indonesia,IDN,2023,1.19,216.77
Iran,IRN,1990,0,0.06
Iran,IRN,1991,0,0.09
Iran,IRN,1992,0,0.08
Iran,IRN,1993,0,0.09
Iran,IRN,1994,0,0.09
Iran,IRN,1995,0,0.09
Iran,IRN,1996,0,0.09
Iran,IRN,1997,0,0.09
Iran,IRN,1998,0,0.11
Iran,IRN,1999,0.03,0.41
Iran,IRN,2000,0.04,0.48
Iran,IRN,2001,0.03,0.47
Iran,IRN,2002,0.03,0.52
Iran,IRN,2003,0.03,0.47
Iran,IRN,2004,0.05,0.48
Iran,IRN,2005,0.07,0.57
Iran,IRN,2006,0.13,0.56
Iran,IRN,2007,0.14,0.57
Iran,IRN,2008,0.2,0.39
Iran,IRN,2009,0.23,0.38
Iran,IRN,2010,0.17,0.35
Iran,IRN,2011,0.21,0.43
Iran,IRN,2012,0.28,0.4
Iran,IRN,2013,0.22,0.46
Iran,IRN,2014,0.2,0.53
Iran,IRN,2015,0.14,0.46
Iran,IRN,2016,0.16,0.49
Iran,IRN,2017,0.41,0.69
Iran,IRN,2018,0.97,0.69
Iran,IRN,2019,1.23,0.74
Iran,IRN,2020,1.71,0.75
Iran,IRN,2021,1.75,0.75
Iran,IRN,2022,1.98,0.75
Iran,IRN,2023,1.98,0.75
Iraq,IRQ,2013,0.05,0
Iraq,IRQ,2014,0.06,0
Iraq,IRQ,2015,0.06,0
Iraq,IRQ,2016,0.06,0
Iraq,IRQ,2017,0.06,0
Iraq,IRQ,2018,0.06,0
Iraq,IRQ,2019,0.06,0
Iraq,IRQ,2020,0.06,0
Iraq,IRQ,2021,0.06,0
Iraq,IRQ,2022,0.06,0
Iraq,IRQ,2023,0.42,0
Ireland,IRL,1990,0,5.92
Ireland,IRL,1991,0,5.85
Ireland,IRL,1992,0,6.66
Ireland,IRL,1993,0.01,6.62
Ireland,IRL,1994,0.02,6.68
Ireland,IRL,1995,0.02,7.02
Ireland,IRL,1996,0.01,6.99
Ireland,IRL,1997,0.05,6.79
Ireland,IRL,1998,0.17,6.74
Ireland,IRL,1999,0.19,5.83
Ireland,IRL,2000,0.24,6.82
Ireland,IRL,2001,0.33,7.06
Ireland,IRL,2002,0.39,6.82
Ireland,IRL,2003,0.45,6.2
Ireland,IRL,2004,0.65,6.23
Ireland,IRL,2005,1.11,6.39
Ireland,IRL,2006,1.62,5.88
Ireland,IRL,2007,1.96,5.44
Ireland,IRL,2008,2.41,5.14
Ireland,IRL,2009,2.96,4
Ireland,IRL,2010,2.81,3.55
Ireland,IRL,2011,4.38,3.94
Ireland,IRL,2012,4.01,5.02
Ireland,IRL,2013,4.54,4.28
Ireland,IRL,2014,5.14,3.96
Ireland,IRL,2015,6.57,4.87
Ireland,IRL,2016,6.15,4.7
Ireland,IRL,2017,7.45,3.64
Ireland,IRL,2018,8.66,2.15
Ireland,IRL,2019,10.05,0.51
Ireland,IRL,2020,11.6,0.67
Ireland,IRL,2021,9.85,2.72
Ireland,IRL,2022,11.33,2.37
Ireland,IRL,2023,11.78,1.14
Israel,ISR,2000,0,29.22
Israel,ISR,2001,0.01,32.93
Israel,ISR,2002,0.01,35.1
Israel,ISR,2003,0.01,36.09
Israel,ISR,2004,0.01,36.49
Israel,ISR,2005,0.01,36.16
Israel,ISR,2006,0.01,35.71
Israel,ISR,2007,0.01,37.28
Israel,ISR,2008,0.01,35.35
Israel,ISR,2009,0.03,34.35
Israel,ISR,2010,0.08,34.24
Israel,ISR,2011,0.2,35.15
Israel,ISR,2012,0.38,38.72
Israel,ISR,2013,0.5,32.08
Israel,ISR,2014,0.89,30.1
Israel,ISR,2015,1.13,29.16
Israel,ISR,2016,1.58,24.16
Israel,ISR,2017,1.69,22.03
Israel,ISR,2018,1.75,20.6
Israel,ISR,2019,3.3,21.89
Israel,ISR,2020,4.35,18.96
Israel,ISR,2021,5.52,16.95
Israel,ISR,2022,7.52,16.74
Israel,ISR,2023,7.95,0
Italy,ITA,1985,0,30.02
Italy,ITA,1986,0,31.00
Italy,ITA,1987,0,33.03
Italy,ITA,1988,0,33.89
Italy,ITA,1989,0.00,31.86
Italy,ITA,1990,0,32.05
Italy,ITA,1991,0,28.5
Italy,ITA,1992,0.01,21.36
Italy,ITA,1993,0.01,16.66
Italy,ITA,1994,0.02,19.86
Italy,ITA,1995,0.02,24.12
Italy,ITA,1996,0.04,22.08
Italy,ITA,1997,0.13,20.51
Italy,ITA,1998,0.25,23.31
Italy,ITA,1999,0.42,23.81
Italy,ITA,2000,0.58,26.28
Italy,ITA,2001,1.19,31.73
Italy,ITA,2002,1.42,35.45
Italy,ITA,2003,1.48,38.81
Italy,ITA,2004,1.87,45.52
Italy,ITA,2005,2.37,43.61
Italy,ITA,2006,3.01,44.21
Italy,ITA,2007,4.07,44.11
Italy,ITA,2008,5.05,43.07
Italy,ITA,2009,7.22,39.74
Italy,ITA,2010,11.03,39.73
Italy,ITA,2011,20.65,44.73
Italy,ITA,2012,32.27,49.14
Italy,ITA,2013,36.48,45.1
Italy,ITA,2014,37.48,43.45
Italy,ITA,2015,37.78,43.2
Italy,ITA,2016,39.79,35.61
Italy,ITA,2017,42.12,32.63
Italy,ITA,2018,40.37,28.47
Italy,ITA,2019,43.89,18.84
Italy,ITA,2020,43.7,13.38
Italy,ITA,2021,45.97,14.02
Italy,ITA,2022,48.4,22.61
Italy,ITA,2023,54.52,13.9
Jamaica,JAM,2004,0.03,0
Jamaica,JAM,2005,0.05,0
Jamaica,JAM,2006,0.05,0
Jamaica,JAM,2007,0.05,0
Jamaica,JAM,2008,0.05,0
Jamaica,JAM,2009,0.06,0
Jamaica,JAM,2010,0.05,0
Jamaica,JAM,2011,0.09,0
Jamaica,JAM,2012,0.11,0
Jamaica,JAM,2013,0.12,0
Jamaica,JAM,2014,0.13,0
Jamaica,JAM,2015,0.14,0
Jamaica,JAM,2016,0.22,0
Jamaica,JAM,2017,0.29,0
Jamaica,JAM,2018,0.35,0
Jamaica,JAM,2019,0.36,0
Jamaica,JAM,2020,0.4,0
Jamaica,JAM,2021,0.39,0
Jamaica,JAM,2022,0.42,0
Japan,JPN,1985,0,99.33
Japan,JPN,1986,0,98.77
Japan,JPN,1987,0,107.33
Japan,JPN,1988,0,112.19
Japan,JPN,1989,0,116.86
Japan,JPN,1990,0.00,119.28
Japan,JPN,1991,0.00,125.57
Japan,JPN,1992,0.01,131.97
Japan,JPN,1993,0.02,140.23
Japan,JPN,1994,0.02,156.84
Japan,JPN,1995,0.04,168.60
Japan,JPN,1996,0.05,178.44
Japan,JPN,1997,0.09,188.13
Japan,JPN,1998,0.15,192.23
Japan,JPN,1999,0.25,211.61
Japan,JPN,2000,0.45,238.24
Japan,JPN,2001,0.75,253.91
Japan,JPN,2002,1.1,264.42
Japan,JPN,2003,1.78,292.06
Japan,JPN,2004,2.71,295.39
Japan,JPN,2005,3.54,319.2
Japan,JPN,2006,4.13,311.34
Japan,JPN,2007,5.05,317.31
Japan,JPN,2008,5.52,333.7
Japan,JPN,2009,6.48,312.08
Japan,JPN,2010,7.91,316.85
Japan,JPN,2011,9.9,285.07
Japan,JPN,2012,12.1,334.3
Japan,JPN,2013,18.04,362.55
Japan,JPN,2014,28.56,355.6
Japan,JPN,2015,39.76,349.64
Japan,JPN,2016,48.67,345.24
Japan,JPN,2017,60.07,342.88
Japan,JPN,2018,68.55,345.13
Japan,JPN,2019,74.5,338.2
Japan,JPN,2020,82.96,330.78
Japan,JPN,2021,100.65,338.6
Japan,JPN,2022,110.57,348.48
Japan,JPN,2023,118.49,327.42
Jordan,JOR,2015,0.17,0
Jordan,JOR,2016,0.82,0
Jordan,JOR,2017,1.36,0
Jordan,JOR,2018,2.13,0
Jordan,JOR,2019,2.94,0
Jordan,JOR,2020,3.9,0
Jordan,JOR,2021,4.89,0
Jordan,JOR,2022,4.98,0
Kazakhstan,KAZ,1990,0,62.14
Kazakhstan,KAZ,1991,0,62.11
Kazakhstan,KAZ,1992,0,59.80
Kazakhstan,KAZ,1993,0,55.31
Kazakhstan,KAZ,1994,0,47.10
Kazakhstan,KAZ,1995,0,48.01
Kazakhstan,KAZ,1996,0,42.32
Kazakhstan,KAZ,1997,0,37.20
Kazakhstan,KAZ,1998,0,35.86
Kazakhstan,KAZ,1999,0,34.05
Kazakhstan,KAZ,2000,0,35.9
Kazakhstan,KAZ,2001,0,39.08
Kazakhstan,KAZ,2002,0,40.14
Kazakhstan,KAZ,2003,0,45.83
Kazakhstan,KAZ,2004,0,50.56
Kazakhstan,KAZ,2005,0,50.17
Kazakhstan,KAZ,2006,0,49.32
Kazakhstan,KAZ,2007,0,56.25
Kazakhstan,KAZ,2008,0,61.6
Kazakhstan,KAZ,2009,0,58.11
Kazakhstan,KAZ,2010,0,66.66
Kazakhstan,KAZ,2011,0,70.22
Kazakhstan,KAZ,2012,0,67.63
Kazakhstan,KAZ,2013,0,69
Kazakhstan,KAZ,2014,0.01,67.16
Kazakhstan,KAZ,2015,0.17,63.35
Kazakhstan,KAZ,2016,0.36,61.22
Kazakhstan,KAZ,2017,0.43,68.94
Kazakhstan,KAZ,2018,0.53,74.83
Kazakhstan,KAZ,2019,1.09,73.82
Kazakhstan,KAZ,2020,2.27,73.09
Kazakhstan,KAZ,2021,3.38,75.16
Kazakhstan,KAZ,2022,4.23,76.83
Kazakhstan,KAZ,2023,5.76,75.91
Kenya,KEN,2009,0.01,0
Kenya,KEN,2010,0.02,0
Kenya,KEN,2011,0.03,0
Kenya,KEN,2012,0.02,0
Kenya,KEN,2013,0.04,0
Kenya,KEN,2014,0.07,0
Kenya,KEN,2015,0.11,0
Kenya,KEN,2016,0.12,0
Kenya,KEN,2017,0.13,0
Kenya,KEN,2018,0.47,0
Kenya,KEN,2019,1.65,0
Kenya,KEN,2020,1.42,0
Kenya,KEN,2021,2.16,0
Kenya,KEN,2022,2.52,0
Kenya,KEN,2023,2.49,0
Kosovo,KOS,2000,0,2.89
Kosovo,KOS,2001,0,3.66
Kosovo,KOS,2002,0,3.64
Kosovo,KOS,2003,0,3.55
Kosovo,KOS,2004,0,3.94
Kosovo,KOS,2005,0,4.32
Kosovo,KOS,2006,0,4.3
Kosovo,KOS,2007,0,4.71
Kosovo,KOS,2008,0,5.05
Kosovo,KOS,2009,0,4.84
Kosovo,KOS,2010,0,4.99
Kosovo,KOS,2011,0,5.68
Kosovo,KOS,2012,0,5.83
Kosovo,KOS,2013,0,6.37
Kosovo,KOS,2014,0,5.27
Kosovo,KOS,2015,0,5.96
Kosovo,KOS,2016,0,5.72
Kosovo,KOS,2017,0,5.73
Kosovo,KOS,2018,0.03,5.6
Kosovo,KOS,2019,0.1,6.02
Kosovo,KOS,2020,0.1,6.33
Kosovo,KOS,2021,0.14,6.44
Kosovo,KOS,2022,0.14,6.44
Kosovo,KOS,2023,0.19,5.61
Kuwait,KWT,2013,0.01,0
Kuwait,KWT,2014,0.01,0
Kuwait,KWT,2015,0.01,0
Kuwait,KWT,2016,0.02,0
Kuwait,KWT,2017,0.04,0
Kuwait,KWT,2018,0.06,0
Kuwait,KWT,2019,0.13,0
Kuwait,KWT,2020,0.21,0
Kuwait,KWT,2021,0.19,0
Kuwait,KWT,2022,0.2,0
Kuwait,KWT,2023,0.2,0
Kyrgyzstan,KGZ,2000,0,0.83
Kyrgyzstan,KGZ,2001,0,0.82
Kyrgyzstan,KGZ,2002,0,0.57
Kyrgyzstan,KGZ,2003,0,0.59
Kyrgyzstan,KGZ,2004,0,0.6
Kyrgyzstan,KGZ,2005,0,1.5
Kyrgyzstan,KGZ,2006,0,1.5
Kyrgyzstan,KGZ,2007,0,1.6
Kyrgyzstan,KGZ,2008,0,1.34
Kyrgyzstan,KGZ,2009,0,0.39
Kyrgyzstan,KGZ,2010,0,0.6
Kyrgyzstan,KGZ,2011,0,0.63
Kyrgyzstan,KGZ,2012,0,0.73
Kyrgyzstan,KGZ,2013,0,0.79
Kyrgyzstan,KGZ,2014,0,1.07
Kyrgyzstan,KGZ,2015,0,1.72
Kyrgyzstan,KGZ,2016,0,1.56
Kyrgyzstan,KGZ,2017,0,1.16
Kyrgyzstan,KGZ,2018,0,1.22
Kyrgyzstan,KGZ,2019,0,1.13
Kyrgyzstan,KGZ,2020,0,1.29
Kyrgyzstan,KGZ,2021,0,1.97
Kyrgyzstan,KGZ,2022,0,1.76
Laos,LAO,2015,0,2.26
Laos,LAO,2016,0,7.96
Laos,LAO,2017,0.01,10.93
Laos,LAO,2018,0.02,12.02
Laos,LAO,2019,0.04,11.41
Laos,LAO,2020,0.04,11.35
Laos,LAO,2021,0.06,11.88
Laos,LAO,2022,0.06,12.41
Latvia,LVA,2002,0.01,0
Latvia,LVA,2003,0.05,0
Latvia,LVA,2004,0.05,0
Latvia,LVA,2005,0.05,0
Latvia,LVA,2006,0.05,0
Latvia,LVA,2007,0.05,0
Latvia,LVA,2008,0.06,0
Latvia,LVA,2009,0.05,0
Latvia,LVA,2010,0.05,0
Latvia,LVA,2011,0.07,0
Latvia,LVA,2012,0.11,0
Latvia,LVA,2013,0.12,0
Latvia,LVA,2014,0.14,0
Latvia,LVA,2015,0.15,0
Latvia,LVA,2016,0.13,0
Latvia,LVA,2017,0.15,0
Latvia,LVA,2018,0.12,0
Latvia,LVA,2019,0.15,0
Latvia,LVA,2020,0.18,0
Latvia,LVA,2021,0.15,0
Latvia,LVA,2022,0.22,0
Latvia,LVA,2023,0.29,0
Lebanon,LBN,2014,0.02,0
Lebanon,LBN,2015,0.03,0
Lebanon,LBN,2016,0.04,0
Lebanon,LBN,2017,0.07,0
Lebanon,LBN,2018,0.1,0
Lebanon,LBN,2019,0.13,0
Lebanon,LBN,2020,0.15,0
Lebanon,LBN,2021,0.32,0
Lebanon,LBN,2022,0.31,0
Libya,LBY,2010,0.01,0
Libya,LBY,2011,0.01,0
Libya,LBY,2012,0.01,0
Libya,LBY,2013,0.01,0
Libya,LBY,2014,0.01,0
Libya,LBY,2015,0.01,0
Libya,LBY,2016,0.01,0
Libya,LBY,2017,0.01,0
Libya,LBY,2018,0.01,0
Libya,LBY,2019,0.01,0
Libya,LBY,2020,0.01,0
Libya,LBY,2021,0.01,0
Libya,LBY,2022,0.01,0
Lithuania,LTU,2006,0.01,0
Lithuania,LTU,2007,0.11,0
Lithuania,LTU,2008,0.13,0
Lithuania,LTU,2009,0.16,0
Lithuania,LTU,2010,0.22,0
Lithuania,LTU,2011,0.47,0
Lithuania,LTU,2012,0.54,0
Lithuania,LTU,2013,0.65,0
Lithuania,LTU,2014,0.71,0
Lithuania,LTU,2015,0.88,0
Lithuania,LTU,2016,1.21,0
Lithuania,LTU,2017,1.43,0
Lithuania,LTU,2018,1.23,0
Lithuania,LTU,2019,1.59,0
Lithuania,LTU,2020,1.68,0
Lithuania,LTU,2021,1.55,0
Lithuania,LTU,2022,1.93,0
Lithuania,LTU,2023,3.17,0
Luxembourg,LUX,1998,0.01,0
Luxembourg,LUX,1999,0.02,0
Luxembourg,LUX,2000,0.02,0
Luxembourg,LUX,2001,0.02,0
Luxembourg,LUX,2002,0.02,0
Luxembourg,LUX,2003,0.03,0
Luxembourg,LUX,2004,0.04,0
Luxembourg,LUX,2005,0.07,0
Luxembourg,LUX,2006,0.08,0
Luxembourg,LUX,2007,0.08,0
Luxembourg,LUX,2008,0.08,0
Luxembourg,LUX,2009,0.08,0
Luxembourg,LUX,2010,0.08,0
Luxembourg,LUX,2011,0.08,0
Luxembourg,LUX,2012,0.12,0
Luxembourg,LUX,2013,0.15,0
Luxembourg,LUX,2014,0.17,0
Luxembourg,LUX,2015,0.2,0
Luxembourg,LUX,2016,0.2,0
Luxembourg,LUX,2017,0.34,0
Luxembourg,LUX,2018,0.37,0
Luxembourg,LUX,2019,0.41,0
Luxembourg,LUX,2020,0.51,0
Luxembourg,LUX,2021,0.49,0
Luxembourg,LUX,2022,0.59,0
Luxembourg,LUX,2023,0.77,0
Madagascar,MDG,2011,0,0.07
Madagascar,MDG,2012,0,0.08
Madagascar,MDG,2013,0.01,0.08
Madagascar,MDG,2014,0.01,0.09
Madagascar,MDG,2015,0.02,0.08
Madagascar,MDG,2016,0.02,0.08
Madagascar,MDG,2017,0.02,0.12
Madagascar,MDG,2018,0.02,0.1
Madagascar,MDG,2019,0.03,0.11
Madagascar,MDG,2020,0.03,0.11
Madagascar,MDG,2021,0.04,0.13
Madagascar,MDG,2022,0.04,0.13
Malawi,MWI,2012,0.01,0
Malawi,MWI,2013,0.01,0
Malawi,MWI,2014,0.02,0
Malawi,MWI,2015,0.03,0
Malawi,MWI,2016,0.03,0
Malawi,MWI,2017,0.04,0
Malawi,MWI,2018,0.05,0
Malawi,MWI,2019,0.17,0
Malawi,MWI,2020,0.17,0
Malawi,MWI,2021,0.17,0
Malawi,MWI,2022,0.17,0
Malaysia,MYS,1988,0,0.25
Malaysia,MYS,1989,0,2.17
Malaysia,MYS,1990,0,2.93
Malaysia,MYS,1991,0,3.47
Malaysia,MYS,1992,0,3.83
Malaysia,MYS,1993,0,3.88
Malaysia,MYS,1994,0,4.08
Malaysia,MYS,1995,0,3.97
Malaysia,MYS,1996,0,4.17
Malaysia,MYS,1997,0,2.46
Malaysia,MYS,1998,0,3.65
Malaysia,MYS,1999,0,4.52
Malaysia,MYS,2000,0,4.04
Malaysia,MYS,2001,0,6.24
Malaysia,MYS,2002,0,9.56
Malaysia,MYS,2003,0,13.44
Malaysia,MYS,2004,0,22.63
Malaysia,MYS,2005,0,25.23
Malaysia,MYS,2006,0,26.63
Malaysia,MYS,2007,0,30.86
Malaysia,MYS,2008,0,31.03
Malaysia,MYS,2009,0,37.64
Malaysia,MYS,2010,0,49.4
Malaysia,MYS,2011,0,52.3
Malaysia,MYS,2012,0.01,55.62
Malaysia,MYS,2013,0.14,53.66
Malaysia,MYS,2014,0.23,55.83
Malaysia,MYS,2015,0.27,63.47
Malaysia,MYS,2016,0.31,69.15
Malaysia,MYS,2017,0.33,68.87
Malaysia,MYS,2018,0.63,77.29
Malaysia,MYS,2019,1.4,76.41
Malaysia,MYS,2020,1.96,84.22
Malaysia,MYS,2021,2.52,77.96
Malaysia,MYS,2022,2.72,76.39
Malaysia,MYS,2023,3.23,81.39
Maldives,MDV,2014,0.01,0
Maldives,MDV,2015,0.01,0
Maldives,MDV,2016,0.01,0
Maldives,MDV,2017,0.02,0
Maldives,MDV,2018,0.03,0
Maldives,MDV,2019,0.03,0
Maldives,MDV,2020,0.04,0
Maldives,MDV,2021,0.05,0
Maldives,MDV,2022,0.06,0
Mali,MLI,2010,0.01,0
Mali,MLI,2011,0.02,0
Mali,MLI,2012,0.03,0
Mali,MLI,2013,0.03,0
Mali,MLI,2014,0.03,0
Mali,MLI,2015,0.03,0
Mali,MLI,2016,0.03,0
Mali,MLI,2017,0.03,0
Mali,MLI,2018,0.03,0
Mali,MLI,2019,0.03,0
Mali,MLI,2020,0.03,0
Mali,MLI,2021,0.03,0
Mali,MLI,2022,0.03,0
Malta,MLT,1990,0,0.62
Malta,MLT,1991,0,0.59
Malta,MLT,1992,0,0.56
Malta,MLT,1993,0,0.6
Malta,MLT,1994,0,0.36
Malta,MLT,1995,0,0.09
Malta,MLT,2012,0.02,0
Malta,MLT,2013,0.03,0
Malta,MLT,2014,0.07,0
Malta,MLT,2015,0.09,0
Malta,MLT,2016,0.13,0
Malta,MLT,2017,0.16,0
Malta,MLT,2018,0.19,0
Malta,MLT,2019,0.2,0
Malta,MLT,2020,0.24,0
Malta,MLT,2021,0.26,0
Malta,MLT,2022,0.29,0
Malta,MLT,2023,0.53,0
Martinique,MTQ,2008,0.01,0
Martinique,MTQ,2009,0.01,0
Martinique,MTQ,2010,0.02,0
Martinique,MTQ,2011,0.04,0
Martinique,MTQ,2012,0.08,0
Martinique,MTQ,2013,0.08,0
Martinique,MTQ,2014,0.08,0
Martinique,MTQ,2015,0.08,0
Martinique,MTQ,2016,0.08,0
Martinique,MTQ,2017,0.08,0
Martinique,MTQ,2018,0.08,0
Martinique,MTQ,2019,0.14,0
Martinique,MTQ,2020,0.12,0
Martinique,MTQ,2021,0.14,0
Mauritania,MRT,2013,0.04,0
Mauritania,MRT,2014,0.04,0
Mauritania,MRT,2015,0.13,0
Mauritania,MRT,2016,0.16,0
Mauritania,MRT,2017,0.16,0
Mauritania,MRT,2018,0.24,0
Mauritania,MRT,2019,0.26,0
Mauritania,MRT,2020,0.26,0
Mauritania,MRT,2021,0.29,0
Mauritania,MRT,2022,0.3,0
Mauritius,MUS,2000,0,0.36
Mauritius,MUS,2001,0,0.47
Mauritius,MUS,2002,0,0.51
Mauritius,MUS,2003,0,0.5
Mauritius,MUS,2004,0,0.47
Mauritius,MUS,2005,0,0.61
Mauritius,MUS,2006,0,0.8
Mauritius,MUS,2007,0,0.99
Mauritius,MUS,2008,0,1.13
Mauritius,MUS,2009,0,1.01
Mauritius,MUS,2010,0,1.04
Mauritius,MUS,2011,0,1.11
Mauritius,MUS,2012,0,1.15
Mauritius,MUS,2013,0,1.21
Mauritius,MUS,2014,0.03,1.26
Mauritius,MUS,2015,0.03,1.18
Mauritius,MUS,2016,0.04,1.27
Mauritius,MUS,2017,0.04,1.31
Mauritius,MUS,2018,0.06,1.26
Mauritius,MUS,2019,0.14,1.17
Mauritius,MUS,2020,0.17,1.14
Mauritius,MUS,2021,0.16,1.25
Mauritius,MUS,2022,0.17,1.3
Mexico,MEX,1985,0,3.86
Mexico,MEX,1986,0,6.35
Mexico,MEX,1987,0,7.31
Mexico,MEX,1988,0,8.06
Mexico,MEX,1989,0,7.91
Mexico,MEX,1990,0.00,7.79
Mexico,MEX,1991,0.00,9.24
Mexico,MEX,1992,0.00,9.54
Mexico,MEX,1993,0.00,11.55
Mexico,MEX,1994,0.01,14.28
Mexico,MEX,1995,0.01,15.48
Mexico,MEX,1996,0.01,18.53
Mexico,MEX,1997,0.01,18.39
Mexico,MEX,1998,0.02,18.68
Mexico,MEX,1999,0.02,18.60
Mexico,MEX,2000,0.03,19.05
Mexico,MEX,2001,0.03,23.17
Mexico,MEX,2002,0.03,26.1
Mexico,MEX,2003,0.03,30.9
Mexico,MEX,2004,0.03,23.8
Mexico,MEX,2005,0.03,32.81
Mexico,MEX,2006,0.06,31.74
Mexico,MEX,2007,0.26,31.57
Mexico,MEX,2008,0.27,21.34
Mexico,MEX,2009,0.63,29.44
Mexico,MEX,2010,1.27,32.39
Mexico,MEX,2011,1.68,33.78
Mexico,MEX,2012,3.76,34.23
Mexico,MEX,2013,4.29,31.74
Mexico,MEX,2014,6.64,33.78
Mexico,MEX,2015,8.95,33.76
Mexico,MEX,2016,10.63,34.45
Mexico,MEX,2017,11.80,30.86
Mexico,MEX,2018,15.65,29.03
Mexico,MEX,2019,26.68,32.68
Mexico,MEX,2020,35.54,18.91
Mexico,MEX,2021,41.26,13.55
Mexico,MEX,2022,39.59,21.87
Mexico,MEX,2023,41.87,33.91
Moldova,MDA,2017,0.01,0
Moldova,MDA,2018,0.02,0
Moldova,MDA,2019,0.04,0
Moldova,MDA,2020,0.05,0
Moldova,MDA,2021,0.08,0
Moldova,MDA,2022,0.17,0
Moldova,MDA,2023,0.2,0
Mongolia,MNG,2000,0,2.85
Mongolia,MNG,2001,0,2.91
Mongolia,MNG,2002,0,3.02
Mongolia,MNG,2003,0,3.04
Mongolia,MNG,2004,0,3.19
Mongolia,MNG,2005,0,3.31
Mongolia,MNG,2006,0,3.43
Mongolia,MNG,2007,0,3.55
Mongolia,MNG,2008,0.01,3.83
Mongolia,MNG,2009,0.01,3.86
Mongolia,MNG,2010,0.01,4.09
Mongolia,MNG,2011,0.01,4.24
Mongolia,MNG,2012,0.01,4.5
Mongolia,MNG,2013,0.06,4.63
Mongolia,MNG,2014,0.14,4.93
Mongolia,MNG,2015,0.16,5.06
Mongolia,MNG,2016,0.16,5.23
Mongolia,MNG,2017,0.17,5.5
Mongolia,MNG,2018,0.36,5.83
Mongolia,MNG,2019,0.59,5.88
Mongolia,MNG,2020,0.59,5.61
Mongolia,MNG,2021,0.75,6.27
Mongolia,MNG,2022,0.78,6.58
Mongolia,MNG,2023,0.79,6.87
Montenegro,MNE,2005,0,1
Montenegro,MNE,2006,0,1.2
Montenegro,MNE,2007,0,0.86
Montenegro,MNE,2008,0,1.29
Montenegro,MNE,2009,0,0.69
Montenegro,MNE,2010,0,1.27
Montenegro,MNE,2011,0,1.45
Montenegro,MNE,2012,0,1.37
Montenegro,MNE,2013,0,1.44
Montenegro,MNE,2014,0,1.42
Montenegro,MNE,2015,0,1.51
Montenegro,MNE,2016,0,1.3
Montenegro,MNE,2017,0.1,1.36
Montenegro,MNE,2018,0.14,1.55
Montenegro,MNE,2019,0.3,1.5
Montenegro,MNE,2020,0.32,1.62
Montenegro,MNE,2021,0.32,1.44
Montenegro,MNE,2022,0.31,1.55
Montenegro,MNE,2023,0.33,1.63
Morocco,MAR,2000,0.06,9.4
Morocco,MAR,2001,0.21,12.11
Morocco,MAR,2002,0.19,11.42
Morocco,MAR,2003,0.2,11.58
Morocco,MAR,2004,0.2,12.35
Morocco,MAR,2005,0.21,12.39
Morocco,MAR,2006,0.18,12.49
Morocco,MAR,2007,0.28,12.04
Morocco,MAR,2008,0.3,11.27
Morocco,MAR,2009,0.39,10.51
Morocco,MAR,2010,0.66,10.32
Morocco,MAR,2011,0.69,11.27
Morocco,MAR,2012,0.73,11.37
Morocco,MAR,2013,1.36,12.14
Morocco,MAR,2014,1.92,15.95
Morocco,MAR,2015,2.52,17.11
Morocco,MAR,2016,3.42,16.99
Morocco,MAR,2017,3.45,17.55
Morocco,MAR,2018,4.81,21.26
Morocco,MAR,2019,6.29,26.9
Morocco,MAR,2020,6.11,27.21
Morocco,MAR,2021,6.93,28.28
Morocco,MAR,2022,6.81,29
Morocco,MAR,2023,8.31,27.32
Mozambique,MOZ,2019,0.03,0
Mozambique,MOZ,2020,0.07,0
Mozambique,MOZ,2021,0.07,0
Mozambique,MOZ,2022,0.07,0
Myanmar,MMR,2002,0,0.64
Myanmar,MMR,2003,0,0.63
Myanmar,MMR,2004,0,0.41
Myanmar,MMR,2005,0,0.59
Myanmar,MMR,2006,0,0.79
Myanmar,MMR,2007,0,0.86
Myanmar,MMR,2008,0,0.61
Myanmar,MMR,2009,0,0.47
Myanmar,MMR,2010,0,0.64
Myanmar,MMR,2011,0,0.75
Myanmar,MMR,2012,0,0.77
Myanmar,MMR,2013,0.01,0.57
Myanmar,MMR,2014,0.01,0.29
Myanmar,MMR,2015,0.03,0.28
Myanmar,MMR,2016,0.05,0.01
Myanmar,MMR,2017,0.06,1.41
Myanmar,MMR,2018,0.07,1.54
Myanmar,MMR,2019,0.09,2.26
Myanmar,MMR,2020,0.08,2.46
Myanmar,MMR,2021,0.1,2.12
Myanmar,MMR,2022,0.1,2.17
Myanmar,MMR,2023,0.3,2.1
Namibia,NAM,2000,0,0.01
Namibia,NAM,2002,0,0.01
Namibia,NAM,2003,0,0.01
Namibia,NAM,2004,0,0.01
Namibia,NAM,2005,0,0.03
Namibia,NAM,2006,0,0.09
Namibia,NAM,2007,0,0.03
Namibia,NAM,2008,0,0.17
Namibia,NAM,2009,0.01,0.08
Namibia,NAM,2010,0.01,0.05
Namibia,NAM,2011,0.01,0.03
Namibia,NAM,2012,0.01,0.03
Namibia,NAM,2013,0.02,0.04
Namibia,NAM,2014,0.03,0
Namibia,NAM,2015,0.04,0.01
Namibia,NAM,2016,0.06,0.05
Namibia,NAM,2017,0.11,0.07
Namibia,NAM,2018,0.25,0.02
Namibia,NAM,2019,0.38,0.04
Namibia,NAM,2020,0.43,0.06
Namibia,NAM,2021,0.5,0.04
Namibia,NAM,2022,0.52,0.05
Nepal,NPL,2010,0.01,0
Nepal,NPL,2011,0.01,0
Nepal,NPL,2012,0.01,0
Nepal,NPL,2013,0.02,0
Nepal,NPL,2014,0.03,0
Nepal,NPL,2015,0.03,0
Nepal,NPL,2016,0.03,0
Nepal,NPL,2017,0.08,0
Nepal,NPL,2018,0.08,0
Nepal,NPL,2019,0.08,0
Nepal,NPL,2020,0.11,0
Nepal,NPL,2021,0.14,0
Nepal,NPL,2022,0.15,0
Netherlands,NLD,1985,0,14.83
Netherlands,NLD,1986,0.00,15.13
Netherlands,NLD,1987,0.00,16.94
Netherlands,NLD,1988,0.01,22.25
Netherlands,NLD,1989,0.02,22.15
Netherlands,NLD,1990,0.06,25.01
Netherlands,NLD,1991,0.09,22.66
Netherlands,NLD,1992,0.15,22.63
Netherlands,NLD,1993,0.17,21.41
Netherlands,NLD,1994,0.24,24.11
Netherlands,NLD,1995,0.32,27.4
Netherlands,NLD,1996,0.44,25.82
Netherlands,NLD,1997,0.47,24.44
Netherlands,NLD,1998,0.64,26.43
Netherlands,NLD,1999,0.65,21.92
Netherlands,NLD,2000,0.84,24.28
Netherlands,NLD,2001,0.84,25.48
Netherlands,NLD,2002,0.96,25.99
Netherlands,NLD,2003,1.35,26.57
Netherlands,NLD,2004,1.9,24.95
Netherlands,NLD,2005,2.11,23.5
Netherlands,NLD,2006,2.78,23.74
Netherlands,NLD,2007,3.48,24.92
Netherlands,NLD,2008,4.3,23.48
Netherlands,NLD,2009,4.62,24.28
Netherlands,NLD,2010,4.05,22.59
Netherlands,NLD,2011,5.2,21.39
Netherlands,NLD,2012,5.17,24.21
Netherlands,NLD,2013,6.04,24.61
Netherlands,NLD,2014,6.53,29.49
Netherlands,NLD,2015,8.66,39.39
Netherlands,NLD,2016,9.77,36.82
Netherlands,NLD,2017,12.76,31.38
Netherlands,NLD,2018,14.26,27.58
Netherlands,NLD,2019,16.91,17.69
Netherlands,NLD,2020,23.84,7.62
Netherlands,NLD,2021,29.3,14.6
Netherlands,NLD,2022,38.57,14.8
Netherlands,NLD,2023,50.12,8.45
New Caledonia,NCL,2000,0.01,0.17
New Caledonia,NCL,2001,0.01,0.22
New Caledonia,NCL,2002,0.01,0.28
New Caledonia,NCL,2003,0,0.17
New Caledonia,NCL,2004,0.01,0.18
New Caledonia,NCL,2005,0.02,0.17
New Caledonia,NCL,2006,0.03,0.18
New Caledonia,NCL,2007,0.04,0.17
New Caledonia,NCL,2008,0.03,0.11
New Caledonia,NCL,2009,0.03,0.21
New Caledonia,NCL,2010,0.05,0.54
New Caledonia,NCL,2011,0.05,0.58
New Caledonia,NCL,2012,0.06,0.55
New Caledonia,NCL,2013,0.05,0.64
New Caledonia,NCL,2014,0.06,0.77
New Caledonia,NCL,2015,0.07,0.82
New Caledonia,NCL,2016,0.06,1.13
New Caledonia,NCL,2017,0.08,1.34
New Caledonia,NCL,2018,0.1,1.43
New Caledonia,NCL,2019,0.17,1.51
New Caledonia,NCL,2020,0.2,1.53
New Caledonia,NCL,2021,0.24,1.14
New Caledonia,NCL,2022,0.24,1.14
New Zealand,NZL,1992,0.00,0
New Zealand,NZL,1993,0.00,0
New Zealand,NZL,1994,0.00,0
New Zealand,NZL,1995,0.00,0
New Zealand,NZL,1996,0.00,0
New Zealand,NZL,1997,0.01,0
New Zealand,NZL,1998,0.02,0
New Zealand,NZL,1999,0.03,0
New Zealand,NZL,2000,0.12,1
New Zealand,NZL,2001,0.14,1.53
New Zealand,NZL,2002,0.15,1.5
New Zealand,NZL,2003,0.15,3.29
New Zealand,NZL,2004,0.36,4.13
New Zealand,NZL,2005,0.61,5.25
New Zealand,NZL,2006,0.62,4.89
New Zealand,NZL,2007,0.92,2.55
New Zealand,NZL,2008,1.05,4.24
New Zealand,NZL,2009,1.46,2.73
New Zealand,NZL,2010,1.62,1.42
New Zealand,NZL,2011,1.94,1.61
New Zealand,NZL,2012,2.06,2.94
New Zealand,NZL,2013,2.01,1.75
New Zealand,NZL,2014,2.21,1.34
New Zealand,NZL,2015,2.37,1.23
New Zealand,NZL,2016,2.37,0.44
New Zealand,NZL,2017,2.14,0.58
New Zealand,NZL,2018,2.14,0.98
New Zealand,NZL,2019,2.36,1.59
New Zealand,NZL,2020,2.44,1.7
New Zealand,NZL,2021,2.83,2.6
New Zealand,NZL,2022,3.10,1.14
New Zealand,NZL,2023,3.68,1.77
Nicaragua,NIC,2009,0.11,0
Nicaragua,NIC,2010,0.16,0
Nicaragua,NIC,2011,0.21,0
Nicaragua,NIC,2012,0.33,0
Nicaragua,NIC,2013,0.56,0
Nicaragua,NIC,2014,0.85,0
Nicaragua,NIC,2015,0.87,0
Nicaragua,NIC,2016,0.73,0
Nicaragua,NIC,2017,0.64,0
Nicaragua,NIC,2018,0.82,0
Nicaragua,NIC,2019,0.76,0
Nicaragua,NIC,2020,0.58,0
Nicaragua,NIC,2021,0.69,0
Nicaragua,NIC,2022,0.69,0
Niger,NER,2000,0,0.14
Niger,NER,2001,0,0.13
Niger,NER,2002,0,0.14
Niger,NER,2003,0,0.15
Niger,NER,2004,0,0.15
Niger,NER,2005,0,0.16
Niger,NER,2006,0,0.17
Niger,NER,2007,0,0.15
Niger,NER,2008,0,0.17
Niger,NER,2009,0,0.19
Niger,NER,2010,0,0.2
Niger,NER,2011,0,0.25
Niger,NER,2012,0,0.25
Niger,NER,2013,0,0.24
Niger,NER,2014,0.01,0.25
Niger,NER,2015,0.01,0.22
Niger,NER,2016,0.01,0.22
Niger,NER,2017,0.01,0.21
Niger,NER,2018,0.05,0.19
Niger,NER,2019,0.05,0.2
Niger,NER,2020,0.05,0.21
Niger,NER,2021,0.05,0.19
Niger,NER,2022,0.05,0.21
Nigeria,NGA,2012,0.02,0
Nigeria,NGA,2013,0.02,0
Nigeria,NGA,2014,0.02,0
Nigeria,NGA,2015,0.03,0
Nigeria,NGA,2016,0.03,0
Nigeria,NGA,2017,0.03,0
Nigeria,NGA,2018,0.03,0
Nigeria,NGA,2019,0.04,0
Nigeria,NGA,2020,0.04,0
Nigeria,NGA,2021,0.05,0
Nigeria,NGA,2022,0.05,0
Nigeria,NGA,2023,0.05,0
North Korea,PRK,2000,0,8.4
North Korea,PRK,2001,0,8.59
North Korea,PRK,2002,0,8.14
North Korea,PRK,2003,0,8.29
North Korea,PRK,2004,0,8.48
North Korea,PRK,2005,0,8.94
North Korea,PRK,2006,0,9.18
North Korea,PRK,2007,0,7.48
North Korea,PRK,2008,0,8.35
North Korea,PRK,2009,0,10.4
North Korea,PRK,2010,0,9.73
North Korea,PRK,2011,0,7.18
North Korea,PRK,2012,0,7.45
North Korea,PRK,2013,0.01,7.63
North Korea,PRK,2014,0.01,8.01
North Korea,PRK,2015,0.03,8.19
North Korea,PRK,2016,0.04,10.16
North Korea,PRK,2017,0.05,10.82
North Korea,PRK,2018,0.05,11.33
North Korea,PRK,2019,0.05,11.87
North Korea,PRK,2020,0.05,10.35
North Korea,PRK,2021,0.07,8.89
North Korea,PRK,2022,0.07,8.88
North Macedonia,MKD,1990,0,5.16
North Macedonia,MKD,1991,0,4.86
North Macedonia,MKD,1992,0,5.16
North Macedonia,MKD,1993,0,4.57
North Macedonia,MKD,1994,0,5.21
North Macedonia,MKD,1995,0,5.29
North Macedonia,MKD,1996,0,5.72
North Macedonia,MKD,1997,0,5.76
North Macedonia,MKD,1998,0,5.91
North Macedonia,MKD,1999,0,5.44
North Macedonia,MKD,2000,0,5.21
North Macedonia,MKD,2001,0,5.57
North Macedonia,MKD,2002,0,5.12
North Macedonia,MKD,2003,0,5.34
North Macedonia,MKD,2004,0,5.16
North Macedonia,MKD,2005,0,5.44
North Macedonia,MKD,2006,0,5.11
North Macedonia,MKD,2007,0,5.01
North Macedonia,MKD,2008,0,5.29
North Macedonia,MKD,2009,0,5.3
North Macedonia,MKD,2010,0,4.74
North Macedonia,MKD,2011,0,5.17
North Macedonia,MKD,2012,0,4.83
North Macedonia,MKD,2013,0.01,4.03
North Macedonia,MKD,2014,0.08,3.74
North Macedonia,MKD,2015,0.14,3.3
North Macedonia,MKD,2016,0.13,2.89
North Macedonia,MKD,2017,0.13,3.39
North Macedonia,MKD,2018,0.12,2.85
North Macedonia,MKD,2019,0.12,3.51
North Macedonia,MKD,2020,0.14,2.63
North Macedonia,MKD,2021,0.13,2.19
North Macedonia,MKD,2022,0.14,2.87
North Macedonia,MKD,2023,0.48,2.72
Norway,NOR,1990,0,0.04
Norway,NOR,1991,0,0.05
Norway,NOR,1992,0,0.05
Norway,NOR,1993,0.01,0.05
Norway,NOR,1994,0.01,0.06
Norway,NOR,1995,0.01,0.06
Norway,NOR,1996,0.01,0.05
Norway,NOR,1997,0.01,0.04
Norway,NOR,1998,0.01,0.04
Norway,NOR,1999,0.03,0.04
Norway,NOR,2000,0.03,0.04
Norway,NOR,2001,0.03,0.04
Norway,NOR,2002,0.08,0.04
Norway,NOR,2003,0.22,0.04
Norway,NOR,2004,0.25,0.04
Norway,NOR,2005,0.5,0.04
Norway,NOR,2006,0.64,0.04
Norway,NOR,2007,0.89,0.04
Norway,NOR,2008,0.91,0.04
Norway,NOR,2009,0.97,0.04
Norway,NOR,2010,0.87,0.04
Norway,NOR,2011,1.29,0.04
Norway,NOR,2012,1.54,0.04
Norway,NOR,2013,1.88,0.04
Norway,NOR,2014,2.22,0.04
Norway,NOR,2015,2.52,0.04
Norway,NOR,2016,2.11,0.04
Norway,NOR,2017,2.85,0.04
Norway,NOR,2018,3.87,0.04
Norway,NOR,2019,5.53,0.04
Norway,NOR,2020,9.99,0.04
Norway,NOR,2021,11.87,0.04
Norway,NOR,2022,16.07,0.04
Norway,NOR,2023,15.13,0.04
Oman,OMN,2017,0.02,0
Oman,OMN,2018,0.02,0
Oman,OMN,2019,0.02,0
Oman,OMN,2020,0.21,0
Oman,OMN,2021,0.26,0
Oman,OMN,2022,0.27,0
Oman,OMN,2023,0.27,0
Pakistan,PAK,2000,0,0.24
Pakistan,PAK,2001,0,0.28
Pakistan,PAK,2002,0,0.23
Pakistan,PAK,2003,0,0.2
Pakistan,PAK,2004,0,0.17
Pakistan,PAK,2005,0,0.13
Pakistan,PAK,2006,0,0.14
Pakistan,PAK,2007,0,0.14
Pakistan,PAK,2008,0,0.11
Pakistan,PAK,2009,0.01,0.12
Pakistan,PAK,2010,0.02,0.09
Pakistan,PAK,2011,0.04,0.1
Pakistan,PAK,2012,0.08,0.06
Pakistan,PAK,2013,0.54,0.16
Pakistan,PAK,2014,1.04,0.14
Pakistan,PAK,2015,1.17,0.15
Pakistan,PAK,2016,2.01,0.62
Pakistan,PAK,2017,3.02,10.91
Pakistan,PAK,2018,4.08,15.77
Pakistan,PAK,2019,3.81,25.86
Pakistan,PAK,2020,3.93,27.55
Pakistan,PAK,2021,4.39,29.13
Pakistan,PAK,2022,4.49,30.02
Pakistan,PAK,2023,4.35,28.97
Palestine,PSE,2015,0.01,0
Palestine,PSE,2016,0.04,0
Palestine,PSE,2017,0.05,0
Palestine,PSE,2018,0.06,0
Palestine,PSE,2019,0.12,0
Palestine,PSE,2020,0.18,0
Palestine,PSE,2021,0.2,0
Palestine,PSE,2022,0.21,0
Panama,PAN,2011,0,0.45
Panama,PAN,2012,0,0.67
Panama,PAN,2013,0,0.68
Panama,PAN,2014,0.13,0.69
Panama,PAN,2015,0.44,0.71
Panama,PAN,2016,0.7,0.66
Panama,PAN,2017,0.65,0.17
Panama,PAN,2018,0.82,0.48
Panama,PAN,2019,1.01,1.07
Panama,PAN,2020,0.9,0.61
Panama,PAN,2021,1.11,0.5
Panama,PAN,2022,1.18,0.55
Peru,PER,2000,0,0.35
Peru,PER,2001,0,0.31
Peru,PER,2002,0,0.78
Peru,PER,2003,0,0.77
Peru,PER,2004,0,0.92
Peru,PER,2005,0,0.8
Peru,PER,2006,0,0.82
Peru,PER,2007,0,0.85
Peru,PER,2008,0,0.88
Peru,PER,2009,0,0.78
Peru,PER,2010,0,0.85
Peru,PER,2011,0,0.62
Peru,PER,2012,0.06,1.29
Peru,PER,2013,0.2,1.22
Peru,PER,2014,0.45,0.33
Peru,PER,2015,0.83,0.41
Peru,PER,2016,1.3,0.99
Peru,PER,2017,1.36,0.76
Peru,PER,2018,2.25,0.13
Peru,PER,2019,2.42,0.16
Peru,PER,2020,2.6,0.13
Peru,PER,2021,2.62,0.15
Peru,PER,2022,2.62,0.15
Peru,PER,2023,3.18,0.06
Philippines,PHL,2000,0,16.66
Philippines,PHL,2001,0,18.79
Philippines,PHL,2002,0,16.13
Philippines,PHL,2003,0,14.94
Philippines,PHL,2004,0,16.19
Philippines,PHL,2005,0.02,15.26
Philippines,PHL,2006,0.05,15.29
Philippines,PHL,2007,0.06,16.84
Philippines,PHL,2008,0.06,15.75
Philippines,PHL,2009,0.06,16.48
Philippines,PHL,2010,0.06,23.3
Philippines,PHL,2011,0.09,25.34
Philippines,PHL,2012,0.08,28.26
Philippines,PHL,2013,0.07,32.08
Philippines,PHL,2014,0.17,33.05
Philippines,PHL,2015,0.89,36.69
Philippines,PHL,2016,2.08,43.3
Philippines,PHL,2017,2.29,46.85
Philippines,PHL,2018,2.4,51.93
Philippines,PHL,2019,2.29,57.89
Philippines,PHL,2020,2.4,58.18
Philippines,PHL,2021,2.74,62.05
Philippines,PHL,2022,2.85,66.75
Philippines,PHL,2023,3.74,73.23
Poland,POL,1985,0,131.52
Poland,POL,1986,0,134.28
Poland,POL,1987,0,139.58
Poland,POL,1988,0,138.20
Poland,POL,1989,0,139.66
Poland,POL,1990,0,130.36
Poland,POL,1991,0,128.75
Poland,POL,1992,0,126.58
Poland,POL,1993,0,127.67
Poland,POL,1994,0,128.39
Poland,POL,1995,0,131.77
Poland,POL,1996,0,135.48
Poland,POL,1997,0,134.74
Poland,POL,1998,0,134.23
Poland,POL,1999,0,133.33
Poland,POL,2000,0,135.89
Poland,POL,2001,0.01,134.97
Poland,POL,2002,0.06,132.94
Poland,POL,2003,0.12,140.66
Poland,POL,2004,0.14,141.12
Poland,POL,2005,0.14,141.88
Poland,POL,2006,0.26,147.01
Poland,POL,2007,0.52,144.01
Poland,POL,2008,0.84,138.89
Poland,POL,2009,1.08,133.38
Poland,POL,2010,1.66,136.51
Poland,POL,2011,3.2,139.76
Poland,POL,2012,4.75,134.57
Poland,POL,2013,6,137.72
Poland,POL,2014,7.69,129.52
Poland,POL,2015,10.92,130.52
Poland,POL,2016,12.71,130.32
Poland,POL,2017,15.08,131.16
Poland,POL,2018,13.1,130.56
Poland,POL,2019,15.82,118.14
Poland,POL,2020,17.76,107.4
Poland,POL,2021,20.16,127.57
Poland,POL,2022,28.04,124.73
Poland,POL,2023,35.3,103.02
Portugal,PRT,1989,0.00,0
Portugal,PRT,1990,0,9.06
Portugal,PRT,1991,0,9.75
Portugal,PRT,1992,0,10.17
Portugal,PRT,1993,0.01,11.38
Portugal,PRT,1994,0.02,11.57
Portugal,PRT,1995,0.02,13.41
Portugal,PRT,1996,0.02,12.55
Portugal,PRT,1997,0.04,12.96
Portugal,PRT,1998,0.09,11.98
Portugal,PRT,1999,0.12,15.05
Portugal,PRT,2000,0.17,14.6
Portugal,PRT,2001,0.26,13.61
Portugal,PRT,2002,0.36,15.21
Portugal,PRT,2003,0.5,14.53
Portugal,PRT,2004,0.82,14.86
Portugal,PRT,2005,1.77,15.23
Portugal,PRT,2006,2.93,14.96
Portugal,PRT,2007,4.06,12.4
Portugal,PRT,2008,5.8,11.2
Portugal,PRT,2009,7.74,12.9
Portugal,PRT,2010,9.39,7.1
Portugal,PRT,2011,9.44,9.85
Portugal,PRT,2012,10.65,13.09
Portugal,PRT,2013,12.49,11.84
Portugal,PRT,2014,12.74,11.95
Portugal,PRT,2015,12.40,14.73
Portugal,PRT,2016,13.34,12.63
Portugal,PRT,2017,13.24,14.67
Portugal,PRT,2018,13.63,12.01
Portugal,PRT,2019,15.01,5.53
Portugal,PRT,2020,14.02,2.36
Portugal,PRT,2021,15.45,0.8
Portugal,PRT,2022,16.8,0
Portugal,PRT,2023,17.8,0
Puerto Rico,PRI,2000,0,0.41
Puerto Rico,PRI,2001,0,0.39
Puerto Rico,PRI,2002,0,0.99
Puerto Rico,PRI,2003,0,2.92
Puerto Rico,PRI,2004,0,3.12
Puerto Rico,PRI,2005,0,3.06
Puerto Rico,PRI,2006,0,3.58
Puerto Rico,PRI,2007,0,3.6
Puerto Rico,PRI,2008,0,3.58
Puerto Rico,PRI,2009,0,3.39
Puerto Rico,PRI,2010,0,3.19
Puerto Rico,PRI,2011,0,3.51
Puerto Rico,PRI,2012,0.03,3.25
Puerto Rico,PRI,2013,0.21,3.43
Puerto Rico,PRI,2014,0.27,3.67
Puerto Rico,PRI,2015,0.32,3.26
Puerto Rico,PRI,2016,0.31,3.48
Puerto Rico,PRI,2017,0.31,2.32
Puerto Rico,PRI,2018,0.19,2.51
Puerto Rico,PRI,2019,0.39,3.52
Puerto Rico,PRI,2020,0.39,3.06
Puerto Rico,PRI,2021,0.43,3.18
Puerto Rico,PRI,2022,0.44,3.24
Qatar,QAT,2014,0.01,0
Qatar,QAT,2015,0.01,0
Qatar,QAT,2016,0.01,0
Qatar,QAT,2017,0.01,0
Qatar,QAT,2018,0.01,0
Qatar,QAT,2019,0.01,0
Qatar,QAT,2020,0.01,0
Qatar,QAT,2021,0.01,0
Qatar,QAT,2022,0.01,0
Qatar,QAT,2023,0.01,0
Reunion,REU,2000,0,0.61
Reunion,REU,2001,0,0.65
Reunion,REU,2002,0,0.63
Reunion,REU,2003,0,0.65
Reunion,REU,2004,0,0.56
Reunion,REU,2005,0,0.9
Reunion,REU,2006,0,0.98
Reunion,REU,2007,0.01,1.25
Reunion,REU,2008,0.01,1.29
Reunion,REU,2009,0.04,1.25
Reunion,REU,2010,0.09,1.31
Reunion,REU,2011,0.15,1.31
Reunion,REU,2012,0.21,1.35
Reunion,REU,2013,0.24,1.27
Reunion,REU,2014,0.26,1.21
Reunion,REU,2015,0.26,1.17
Reunion,REU,2016,0.28,1.14
Reunion,REU,2017,0.26,1.14
Reunion,REU,2018,0.26,1.06
Reunion,REU,2019,0.26,1.09
Reunion,REU,2020,0.26,1.91
Reunion,REU,2021,0.27,0.93
Romania,ROU,1990,0,18.5
Romania,ROU,1991,0,15.61
Romania,ROU,1992,0,18.34
Romania,ROU,1993,0,19.09
Romania,ROU,1994,0,19.63
Romania,ROU,1995,0,20.59
Romania,ROU,1996,0,20.47
Romania,ROU,1997,0,16.86
Romania,ROU,1998,0,14.49
Romania,ROU,1999,0,14.68
Romania,ROU,2000,0,18.92
Romania,ROU,2001,0,19.7
Romania,ROU,2002,0,20.31
Romania,ROU,2003,0,23.34
Romania,ROU,2004,0,21.48
Romania,ROU,2005,0,21.91
Romania,ROU,2006,0,25.15
Romania,ROU,2007,0,25.1
Romania,ROU,2008,0,25.82
Romania,ROU,2009,0.01,21.74
Romania,ROU,2010,0.31,20.68
Romania,ROU,2011,1.39,24.78
Romania,ROU,2012,2.65,22.9
Romania,ROU,2013,4.94,16.94
Romania,ROU,2014,7.81,17.76
Romania,ROU,2015,9.04,18.13
Romania,ROU,2016,8.41,15.88
Romania,ROU,2017,9.26,16.78
Romania,ROU,2018,8.09,15.65
Romania,ROU,2019,8.55,13.61
Romania,ROU,2020,8.68,9.36
Romania,ROU,2021,8.28,10.69
Romania,ROU,2022,8.96,10.37
Romania,ROU,2023,9.6,8.1
Russia,RUS,1990,0,156.85
Russia,RUS,1991,0,154.73
Russia,RUS,1992,0,154.11
Russia,RUS,1993,0,148.39
Russia,RUS,1994,0,162.48
Russia,RUS,1995,0,160.29
Russia,RUS,1996,0,160.63
Russia,RUS,1997,0,157.02
Russia,RUS,1998,0,162.97
Russia,RUS,1999,0,161.34
Russia,RUS,2000,0,175.62
Russia,RUS,2001,0,168.77
Russia,RUS,2002,0.01,170.36
Russia,RUS,2003,0.01,172.24
Russia,RUS,2004,0.01,160.85
Russia,RUS,2005,0.01,165.74
Russia,RUS,2006,0.01,177.77
Russia,RUS,2007,0.01,170.72
Russia,RUS,2008,0.01,196.64
Russia,RUS,2009,0,164.39
Russia,RUS,2010,0,166.1
Russia,RUS,2011,0.01,165.01
Russia,RUS,2012,0.01,169.16
Russia,RUS,2013,0.01,161.87
Russia,RUS,2014,0.26,158.7
Russia,RUS,2015,0.49,158.55
Russia,RUS,2016,0.62,171.45
Russia,RUS,2017,0.68,174.01
Russia,RUS,2018,0.86,176.61
Russia,RUS,2019,1.3,187.55
Russia,RUS,2020,3,174.96
Russia,RUS,2021,4.89,181.19
Russia,RUS,2022,6.6,192.3
Russia,RUS,2023,5.35,196.22
Rwanda,RWA,2015,0.01,0
Rwanda,RWA,2016,0.02,0.01
Rwanda,RWA,2017,0.02,0.02
Rwanda,RWA,2018,0.02,0.03
Rwanda,RWA,2019,0.02,0.04
Rwanda,RWA,2020,0.02,0.03
Rwanda,RWA,2021,0.02,0.04
Rwanda,RWA,2022,0.02,0.05
Saint Kitts and Nevis,KNA,2012,0.01,0
Saint Kitts and Nevis,KNA,2013,0.01,0
Saint Kitts and Nevis,KNA,2014,0.01,0
Saint Kitts and Nevis,KNA,2015,0.01,0
Saint Kitts and Nevis,KNA,2016,0.01,0
Saint Kitts and Nevis,KNA,2018,0.01,0
Saint Kitts and Nevis,KNA,2019,0.01,0
Saint Kitts and Nevis,KNA,2020,0.01,0
Saint Kitts and Nevis,KNA,2021,0.01,0
Saint Kitts and Nevis,KNA,2022,0.01,0
Samoa,WSM,2015,0.01,0
Samoa,WSM,2016,0.02,0
Samoa,WSM,2017,0.02,0
Samoa,WSM,2018,0.02,0
Samoa,WSM,2019,0.02,0
Samoa,WSM,2020,0.02,0
Samoa,WSM,2021,0.02,0
Samoa,WSM,2022,0.02,0
Saudi Arabia,SAU,2011,0.01,0
Saudi Arabia,SAU,2012,0.03,0
Saudi Arabia,SAU,2013,0.04,0
Saudi Arabia,SAU,2014,0.05,0
Saudi Arabia,SAU,2015,0.05,0
Saudi Arabia,SAU,2016,0.05,0
Saudi Arabia,SAU,2017,0.07,0
Saudi Arabia,SAU,2018,0.16,0
Saudi Arabia,SAU,2019,0.22,0
Saudi Arabia,SAU,2020,0.22,0
Saudi Arabia,SAU,2021,0.84,0
Saudi Arabia,SAU,2022,0.84,0
Saudi Arabia,SAU,2023,5.76,0
Senegal,SEN,2014,0,0.02
Senegal,SEN,2015,0,0.2
Senegal,SEN,2016,0.01,0.39
Senegal,SEN,2017,0.09,0.31
Senegal,SEN,2018,0.25,0.49
Senegal,SEN,2019,0.35,0.76
Senegal,SEN,2020,0.6,0.15
Senegal,SEN,2021,0.94,0.4
Senegal,SEN,2022,1.57,0.47
Serbia,SRB,1990,0,28.28
Serbia,SRB,1991,0,24.9
Serbia,SRB,1992,0,23.93
Serbia,SRB,1993,0,21.23
Serbia,SRB,1994,0,21.35
Serbia,SRB,1995,0,21.68
Serbia,SRB,1996,0,19.9
Serbia,SRB,1997,0,23.56
Serbia,SRB,1998,0,24.08
Serbia,SRB,1999,0,18.96
Serbia,SRB,2000,0,21.43
Serbia,SRB,2001,0,21.86
Serbia,SRB,2002,0,22.56
Serbia,SRB,2003,0,24.71
Serbia,SRB,2004,0,25.74
Serbia,SRB,2005,0,23.38
Serbia,SRB,2006,0,25.02
Serbia,SRB,2007,0,25.57
Serbia,SRB,2008,0,26.68
Serbia,SRB,2009,0,26.85
Serbia,SRB,2010,0,25.02
Serbia,SRB,2011,0,28.71
Serbia,SRB,2012,0,26.32
Serbia,SRB,2013,0,28.67
Serbia,SRB,2014,0.01,22.13
Serbia,SRB,2015,0.01,27.16
Serbia,SRB,2016,0.04,27.24
Serbia,SRB,2017,0.06,26.46
Serbia,SRB,2018,0.16,25.02
Serbia,SRB,2019,0.90,25.58
Serbia,SRB,2020,0.99,26.46
Serbia,SRB,2021,1.09,23.77
Serbia,SRB,2022,0.95,23.62
Serbia,SRB,2023,0.95,23.54
Seychelles,SYC,2013,0.01,0
Seychelles,SYC,2014,0.01,0
Seychelles,SYC,2015,0.01,0
Seychelles,SYC,2016,0.01,0
Seychelles,SYC,2017,0.01,0
Seychelles,SYC,2018,0.01,0
Seychelles,SYC,2019,0.04,0
Seychelles,SYC,2020,0.07,0
Seychelles,SYC,2021,0.08,0
Seychelles,SYC,2022,0.08,0
Sierra Leone,SLE,2017,0.01,0
Sierra Leone,SLE,2018,0.01,0
Sierra Leone,SLE,2019,0.01,0
Sierra Leone,SLE,2020,0.01,0
Sierra Leone,SLE,2021,0.01,0
Sierra Leone,SLE,2022,0.01,0
Singapore,SGP,2008,0.00,0
Singapore,SGP,2009,0.00,0
Singapore,SGP,2010,0.00,0
Singapore,SGP,2011,0.00,0
Singapore,SGP,2012,0.00,0
Singapore,SGP,2013,0.01,0
Singapore,SGP,2014,0.02,0.54
Singapore,SGP,2015,0.04,0.6
Singapore,SGP,2016,0.08,0.62
Singapore,SGP,2017,0.12,0.68
Singapore,SGP,2018,0.13,0.69
Singapore,SGP,2019,0.19,0.65
Singapore,SGP,2020,0.29,0.53
Singapore,SGP,2021,0.39,0.67
Singapore,SGP,2022,0.66,0.57
Singapore,SGP,2023,0.93,0.57
Slovakia,SVK,1990,0,7.5
Slovakia,SVK,1991,0,5.95
Slovakia,SVK,1992,0,7.23
Slovakia,SVK,1993,0,5.75
Slovakia,SVK,1994,0,4.86
Slovakia,SVK,1995,0,6.45
Slovakia,SVK,1996,0,5.89
Slovakia,SVK,1997,0,6.29
Slovakia,SVK,1998,0,5.86
Slovakia,SVK,1999,0,6.38
Slovakia,SVK,2000,0,5.58
Slovakia,SVK,2001,0,5.82
Slovakia,SVK,2002,0,5.15
Slovakia,SVK,2003,0,5.96
Slovakia,SVK,2004,0.01,5.68
Slovakia,SVK,2005,0.01,5.54
Slovakia,SVK,2006,0.01,5.31
Slovakia,SVK,2007,0.01,4.8
Slovakia,SVK,2008,0.01,4.67
Slovakia,SVK,2009,0.01,3.86
Slovakia,SVK,2010,0.03,3.56
Slovakia,SVK,2011,0.4,3.55
Slovakia,SVK,2012,0.42,3.41
Slovakia,SVK,2013,0.59,3.07
Slovakia,SVK,2014,0.61,2.87
Slovakia,SVK,2015,0.52,2.83
Slovakia,SVK,2016,0.53,2.8
Slovakia,SVK,2017,0.52,2.99
Slovakia,SVK,2018,0.59,3.01
Slovakia,SVK,2019,0.59,2.34
Slovakia,SVK,2020,0.66,1.86
Slovakia,SVK,2021,0.67,1.7
Slovakia,SVK,2022,0.65,1.62
Slovakia,SVK,2023,0.61,1.35
Slovenia,SVN,1990,0,3.89
Slovenia,SVN,1991,0,3.62
Slovenia,SVN,1992,0,4.64
Slovenia,SVN,1993,0,4.69
Slovenia,SVN,1994,0,4.61
Slovenia,SVN,1995,0,4.6
Slovenia,SVN,1996,0,4.46
Slovenia,SVN,1997,0,4.71
Slovenia,SVN,1998,0,4.98
Slovenia,SVN,1999,0,4.48
Slovenia,SVN,2000,0,4.61
Slovenia,SVN,2001,0,4.92
Slovenia,SVN,2002,0,5.3
Slovenia,SVN,2003,0,5.11
Slovenia,SVN,2004,0,5.19
Slovenia,SVN,2005,0,5.27
Slovenia,SVN,2006,0,5.43
Slovenia,SVN,2007,0,5.48
Slovenia,SVN,2008,0,5.33
Slovenia,SVN,2009,0,5.13
Slovenia,SVN,2010,0.01,5.29
Slovenia,SVN,2011,0.07,5.31
Slovenia,SVN,2012,0.16,5.14
Slovenia,SVN,2013,0.22,4.87
Slovenia,SVN,2014,0.26,3.76
Slovenia,SVN,2015,0.28,4.38
Slovenia,SVN,2016,0.28,5.01
Slovenia,SVN,2017,0.29,4.82
Slovenia,SVN,2018,0.26,4.62
Slovenia,SVN,2019,0.31,4.48
Slovenia,SVN,2020,0.38,4.36
Slovenia,SVN,2021,0.45,3.85
Slovenia,SVN,2022,0.65,3.13
Slovenia,SVN,2023,0.7,3.19
Somalia,SOM,2016,0.01,0
Somalia,SOM,2017,0.02,0
Somalia,SOM,2018,0.02,0
Somalia,SOM,2019,0.02,0
Somalia,SOM,2020,0.03,0
Somalia,SOM,2021,0.04,0
Somalia,SOM,2022,0.04,0
South Africa,ZAF,1985,0,135.40
South Africa,ZAF,1986,0,135.98
South Africa,ZAF,1987,0,142.77
South Africa,ZAF,1988,0,143.03
South Africa,ZAF,1989,0,148.46
South Africa,ZAF,1990,0,155.92
South Africa,ZAF,1991,0,155.38
South Africa,ZAF,1992,0,156.71
South Africa,ZAF,1993,0,165.96
South Africa,ZAF,1994,0,169.40
South Africa,ZAF,1995,0,173.55
South Africa,ZAF,1996,0,184.71
South Africa,ZAF,1997,0,192.86
South Africa,ZAF,1998,0,187.52
South Africa,ZAF,1999,0,186.66
South Africa,ZAF,2000,0.01,196.07
South Africa,ZAF,2001,0.01,197.23
South Africa,ZAF,2002,0.01,206.03
South Africa,ZAF,2003,0.02,220.31
South Africa,ZAF,2004,0.03,229.88
South Africa,ZAF,2005,0.03,231.76
South Africa,ZAF,2006,0.03,240.42
South Africa,ZAF,2007,0.03,247.58
South Africa,ZAF,2008,0.04,243.3
South Africa,ZAF,2009,0.04,234.74
South Africa,ZAF,2010,0.06,243.45
South Africa,ZAF,2011,0.12,244.44
South Africa,ZAF,2012,0.13,239.68
South Africa,ZAF,2013,0.28,233.49
South Africa,ZAF,2014,2.14,229.77
South Africa,ZAF,2015,5.81,227.3
South Africa,ZAF,2016,7.48,229.58
South Africa,ZAF,2017,11.26,228.7
South Africa,ZAF,2018,10.98,231.01
South Africa,ZAF,2019,11.53,225.26
South Africa,ZAF,2020,12.11,214.06
South Africa,ZAF,2021,15.43,210.81
South Africa,ZAF,2022,19.83,201.57
South Africa,ZAF,2023,27.18,185.29
South Korea,KOR,1985,0,24.76
South Korea,KOR,1986,0,24.99
South Korea,KOR,1987,0,23.64
South Korea,KOR,1988,0,29.56
South Korea,KOR,1989,0,30.61
South Korea,KOR,1990,0.00,33.51
South Korea,KOR,1991,0.00,36.83
South Korea,KOR,1992,0.00,42.35
South Korea,KOR,1993,0.00,53.50
South Korea,KOR,1994,0.00,65.10
South Korea,KOR,1995,0.00,72.00
South Korea,KOR,1996,0.00,81.70
South Korea,KOR,1997,0.00,93.93
South Korea,KOR,1998,0.00,102.94
South Korea,KOR,1999,0.01,111.09
South Korea,KOR,2000,0.03,114.88
South Korea,KOR,2001,0.02,127.36
South Korea,KOR,2002,0.02,137.49
South Korea,KOR,2003,0.03,139.13
South Korea,KOR,2004,0.06,143.41
South Korea,KOR,2005,0.14,150.36
South Korea,KOR,2006,0.26,153.99
South Korea,KOR,2007,0.45,170.89
South Korea,KOR,2008,0.72,191.62
South Korea,KOR,2009,1.26,210.42
South Korea,KOR,2010,1.58,219.56
South Korea,KOR,2011,1.78,225.49
South Korea,KOR,2012,2.04,225.02
South Korea,KOR,2013,2.82,225.94
South Korea,KOR,2014,3.84,228.2
South Korea,KOR,2015,5.57,235.24
South Korea,KOR,2016,7.2,235.6
South Korea,KOR,2017,9.91,261.46
South Korea,KOR,2018,12.63,258.81
South Korea,KOR,2019,16.86,246.46
South Korea,KOR,2020,22.49,210.94
South Korea,KOR,2021,27.9,213.87
South Korea,KOR,2022,30.33,210.9
South Korea,KOR,2023,32.78,202.66
South Sudan,SSD,2018,0.01,0
South Sudan,SSD,2019,0.01,0
South Sudan,SSD,2020,0.01,0
South Sudan,SSD,2021,0.02,0
South Sudan,SSD,2022,0.02,0
Spain,ESP,1985,0,54.60
Spain,ESP,1986,0,54.80
Spain,ESP,1987,0,54.72
Spain,ESP,1988,0,43.07
Spain,ESP,1989,0.01,59.62
Spain,ESP,1990,0.02,59.74
Spain,ESP,1991,0.02,58.8
Spain,ESP,1992,0.11,64.22
Spain,ESP,1993,0.13,62.42
Spain,ESP,1994,0.18,61.57
Spain,ESP,1995,0.29,65.91
Spain,ESP,1996,0.38,53.94
Spain,ESP,1997,0.76,62.67
Spain,ESP,1998,1.37,61.58
Spain,ESP,1999,2.77,73.61
Spain,ESP,2000,4.74,79.09
Spain,ESP,2001,6.78,70.27
Spain,ESP,2002,9.36,81.18
Spain,ESP,2003,12.09,74.73
Spain,ESP,2004,15.72,79.1
Spain,ESP,2005,21.23,79.06
Spain,ESP,2006,23.42,66.74
Spain,ESP,2007,28.09,72.8
Spain,ESP,2008,35.53,48.71
Spain,ESP,2009,44.18,35.91
Spain,ESP,2010,51.46,25.33
Spain,ESP,2011,52.32,43.98
Spain,ESP,2012,61.44,55.07
Spain,ESP,2013,68.74,39.94
Spain,ESP,2014,65.68,43.81
Spain,ESP,2015,63.18,51.37
Spain,ESP,2016,62.54,36.43
Spain,ESP,2017,63.53,45.13
Spain,ESP,2018,63.62,37.34
Spain,ESP,2019,70.75,12.86
Spain,ESP,2020,77.11,5.52
Spain,ESP,2021,89.16,4.86
Spain,ESP,2022,97.62,7.86
Spain,ESP,2023,109.21,3.9
Sri Lanka,LKA,1999,0.00,0
Sri Lanka,LKA,2005,0.01,0
Sri Lanka,LKA,2006,0.01,0
Sri Lanka,LKA,2007,0.01,0
Sri Lanka,LKA,2008,0.01,0
Sri Lanka,LKA,2009,0.01,0
Sri Lanka,LKA,2010,0.06,0
Sri Lanka,LKA,2011,0.1,1.04
Sri Lanka,LKA,2012,0.16,1.4
Sri Lanka,LKA,2013,0.25,1.47
Sri Lanka,LKA,2014,0.3,3.2
Sri Lanka,LKA,2015,0.37,4.44
Sri Lanka,LKA,2016,0.38,5.05
Sri Lanka,LKA,2017,0.46,5.1
Sri Lanka,LKA,2018,0.52,4.76
Sri Lanka,LKA,2019,0.65,5.36
Sri Lanka,LKA,2020,0.73,5.75
Sri Lanka,LKA,2021,1.21,5.52
Sri Lanka,LKA,2022,1.11,7.06
Sri Lanka,LKA,2023,2.49,0
Sudan,SDN,2012,0.01,0
Sudan,SDN,2013,0.01,0
Sudan,SDN,2014,0.01,0
Sudan,SDN,2015,0.01,0
Sudan,SDN,2016,0.02,0
Sudan,SDN,2017,0.02,0
Sudan,SDN,2018,0.02,0
Sudan,SDN,2019,0.02,0
Sudan,SDN,2020,0.03,0
Sudan,SDN,2021,0.03,0
Sudan,SDN,2022,0.04,0
Suriname,SUR,2015,0.01,0
Suriname,SUR,2016,0.01,0
Suriname,SUR,2017,0.01,0
Suriname,SUR,2018,0.01,0
Suriname,SUR,2019,0.01,0
Suriname,SUR,2020,0.01,0
Suriname,SUR,2021,0.01,0
Suriname,SUR,2022,0.01,0
Sweden,SWE,1983,0.00,0
Sweden,SWE,1984,0.00,0
Sweden,SWE,1985,0.00,0
Sweden,SWE,1986,0.00,0
Sweden,SWE,1987,0.00,0
Sweden,SWE,1988,0.00,0
Sweden,SWE,1989,0.00,0
Sweden,SWE,1990,0.01,1.08
Sweden,SWE,1991,0.01,1.96
Sweden,SWE,1992,0.03,1.8
Sweden,SWE,1993,0.05,2.08
Sweden,SWE,1994,0.07,2.61
Sweden,SWE,1995,0.1,2.27
Sweden,SWE,1996,0.14,3.69
Sweden,SWE,1997,0.2,2.01
Sweden,SWE,1998,0.32,2.04
Sweden,SWE,1999,0.36,2.24
Sweden,SWE,2000,0.46,1.64
Sweden,SWE,2001,0.48,1.88
Sweden,SWE,2002,0.61,2.37
Sweden,SWE,2003,0.68,2.85
Sweden,SWE,2004,0.86,1.01
Sweden,SWE,2005,0.93,0.65
Sweden,SWE,2006,0.98,0.88
Sweden,SWE,2007,1.43,0.65
Sweden,SWE,2008,2,0.51
Sweden,SWE,2009,2.5,0.51
Sweden,SWE,2010,3.5,1.02
Sweden,SWE,2011,6.12,0.66
Sweden,SWE,2012,7.19,0.48
Sweden,SWE,2013,9.88,0.65
Sweden,SWE,2014,11.29,0.37
Sweden,SWE,2015,16.42,0.39
Sweden,SWE,2016,15.62,0.26
Sweden,SWE,2017,17.84,0.32
Sweden,SWE,2018,17.03,0.34
Sweden,SWE,2019,20.53,0.21
Sweden,SWE,2020,28.57,0
Sweden,SWE,2021,28.78,0.01
Sweden,SWE,2022,35.31,0.01
Sweden,SWE,2023,37.2,0.01
Switzerland,CHE,1990,0.00,0
Switzerland,CHE,1991,0.00,0
Switzerland,CHE,1992,0.00,0
Switzerland,CHE,1993,0.00,0
Switzerland,CHE,1994,0.00,0
Switzerland,CHE,1995,0.00,0
Switzerland,CHE,1996,0.00,0
Switzerland,CHE,1997,0.00,0
Switzerland,CHE,1998,0.01,0
Switzerland,CHE,1999,0.01,0
Switzerland,CHE,2000,0.01,0
Switzerland,CHE,2001,0.01,0
Switzerland,CHE,2002,0.01,0
Switzerland,CHE,2003,0.02,0
Switzerland,CHE,2004,0.03,0
Switzerland,CHE,2005,0.03,0
Switzerland,CHE,2006,0.03,0
Switzerland,CHE,2007,0.04,0
Switzerland,CHE,2008,0.06,0
Switzerland,CHE,2009,0.07,0
Switzerland,CHE,2010,0.13,0
Switzerland,CHE,2011,0.24,0
Switzerland,CHE,2012,0.39,0
Switzerland,CHE,2013,0.59,0
Switzerland,CHE,2014,0.94,0
Switzerland,CHE,2015,1.23,0
Switzerland,CHE,2016,1.44,0
Switzerland,CHE,2017,1.81,0
Switzerland,CHE,2018,2.07,0
Switzerland,CHE,2019,2.33,0
Switzerland,CHE,2020,2.74,0
Switzerland,CHE,2021,2.99,0
Switzerland,CHE,2022,3.54,0
Switzerland,CHE,2023,4.36,0
Taiwan,TWN,1985,0,14.66
Taiwan,TWN,1986,0,20.48
Taiwan,TWN,1987,0,22.66
Taiwan,TWN,1988,0,23.79
Taiwan,TWN,1989,0,26.52
Taiwan,TWN,1990,0,25.36
Taiwan,TWN,1991,0,29.66
Taiwan,TWN,1992,0,37.55
Taiwan,TWN,1993,0,44.82
Taiwan,TWN,1994,0,48.27
Taiwan,TWN,1995,0,50.33
Taiwan,TWN,1996,0,59.90
Taiwan,TWN,1997,0,65.63
Taiwan,TWN,1998,0,70.35
Taiwan,TWN,1999,0,73.64
Taiwan,TWN,2000,0,90.29
Taiwan,TWN,2001,0.01,98.52
Taiwan,TWN,2002,0.02,106.15
Taiwan,TWN,2003,0.02,116.1
Taiwan,TWN,2004,0.03,118.69
Taiwan,TWN,2005,0.09,123.79
Taiwan,TWN,2006,0.28,127.79
Taiwan,TWN,2007,0.44,132.26
Taiwan,TWN,2008,0.59,125.54
Taiwan,TWN,2009,0.8,124
Taiwan,TWN,2010,1.05,125.31
Taiwan,TWN,2011,1.55,127.31
Taiwan,TWN,2012,1.56,125.27
Taiwan,TWN,2013,1.96,124.44
Taiwan,TWN,2014,2.03,126.34
Taiwan,TWN,2015,2.38,119.82
Taiwan,TWN,2016,2.57,124.03
Taiwan,TWN,2017,3.38,130.73
Taiwan,TWN,2018,4.42,134.18
Taiwan,TWN,2019,5.91,129.25
Taiwan,TWN,2020,8.38,128.62
Taiwan,TWN,2021,10.18,131.55
Taiwan,TWN,2022,14.22,123.69
Taiwan,TWN,2023,18.18,122.05
Tajikistan,TJK,2013,0,0.04
Tajikistan,TJK,2014,0,0.16
Tajikistan,TJK,2015,0,0.16
Tajikistan,TJK,2016,0,0.61
Tajikistan,TJK,2017,0,0.98
Tajikistan,TJK,2018,0,1.35
Tajikistan,TJK,2019,0,1.48
Tajikistan,TJK,2020,0,1.66
Tajikistan,TJK,2021,0,1.75
Tajikistan,TJK,2022,0,1.89
Tanzania,TZA,2000,0,0.07
Tanzania,TZA,2001,0,0.09
Tanzania,TZA,2002,0,0.1
Tanzania,TZA,2003,0,0.07
Tanzania,TZA,2004,0,0.09
Tanzania,TZA,2005,0,0.04
Tanzania,TZA,2006,0,0.02
Tanzania,TZA,2007,0,0.04
Tanzania,TZA,2008,0,0.02
Tanzania,TZA,2010,0.01,0
Tanzania,TZA,2011,0.01,0
Tanzania,TZA,2012,0.01,0
Tanzania,TZA,2013,0.01,0
Tanzania,TZA,2014,0.02,0
Tanzania,TZA,2015,0.02,0
Tanzania,TZA,2016,0.03,0
Tanzania,TZA,2017,0.04,0
Tanzania,TZA,2018,0.05,0
Tanzania,TZA,2019,0.04,0
Tanzania,TZA,2020,0.05,0
Tanzania,TZA,2021,0.05,0
Tanzania,TZA,2022,0.05,0
Thailand,THA,1985,0,5.31
Thailand,THA,1986,0,5.54
Thailand,THA,1987,0,6.69
Thailand,THA,1988,0,6.79
Thailand,THA,1989,0,7.86
Thailand,THA,1990,0,11.05
Thailand,THA,1991,0,13.78
Thailand,THA,1992,0,14.81
Thailand,THA,1993,0,13.50
Thailand,THA,1994,0,14.13
Thailand,THA,1995,0,15.16
Thailand,THA,1996,0,17.58
Thailand,THA,1997,0,19.02
Thailand,THA,1998,0,16.59
Thailand,THA,1999,0,16.63
Thailand,THA,2000,0,18.2
Thailand,THA,2001,0,20.3
Thailand,THA,2002,0,19.29
Thailand,THA,2003,0,19.3
Thailand,THA,2004,0,20.4
Thailand,THA,2005,0,20.61
Thailand,THA,2006,0.04,24.47
Thailand,THA,2007,0.04,30.88
Thailand,THA,2008,0.04,30.84
Thailand,THA,2009,0.04,29.81
Thailand,THA,2010,0.06,29.76
Thailand,THA,2011,0.09,31.71
Thailand,THA,2012,0.52,34.58
Thailand,THA,2013,1.61,35.35
Thailand,THA,2014,2.33,37.57
Thailand,THA,2015,2.71,34.58
Thailand,THA,2016,3.92,37.11
Thailand,THA,2017,5.65,35.73
Thailand,THA,2018,6.18,35.8
Thailand,THA,2019,8.82,35.83
Thailand,THA,2020,8.25,36.82
Thailand,THA,2021,8.51,36.06
Thailand,THA,2022,8.3,35.52
Thailand,THA,2023,9.16,30.44
Togo,TGO,2019,0.01,0
Togo,TGO,2020,0.01,0
Togo,TGO,2021,0.06,0
Togo,TGO,2022,0.06,0
Tonga,TON,2017,0.01,0
Tonga,TON,2018,0.01,0
Tonga,TON,2019,0.01,0
Tonga,TON,2020,0.01,0
Tonga,TON,2021,0.01,0
Tonga,TON,2022,0.01,0
Trinidad and Tobago,TTO,2015,0.01,0
Trinidad and Tobago,TTO,2016,0.01,0
Trinidad and Tobago,TTO,2017,0.01,0
Trinidad and Tobago,TTO,2018,0.01,0
Trinidad and Tobago,TTO,2019,0.01,0
Trinidad and Tobago,TTO,2020,0.01,0
Trinidad and Tobago,TTO,2021,0.01,0
Trinidad and Tobago,TTO,2022,0.01,0
Trinidad and Tobago,TTO,2023,0.00,0
Tunisia,TUN,2000,0.02,0
Tunisia,TUN,2001,0.02,0
Tunisia,TUN,2002,0.03,0
Tunisia,TUN,2003,0.03,0
Tunisia,TUN,2004,0.04,0
Tunisia,TUN,2005,0.04,0
Tunisia,TUN,2006,0.04,0
Tunisia,TUN,2007,0.04,0
Tunisia,TUN,2008,0.04,0
Tunisia,TUN,2009,0.1,0
Tunisia,TUN,2010,0.14,0
Tunisia,TUN,2011,0.11,0
Tunisia,TUN,2012,0.2,0
Tunisia,TUN,2013,0.37,0
Tunisia,TUN,2014,0.53,0
Tunisia,TUN,2015,0.51,0
Tunisia,TUN,2016,0.58,0
Tunisia,TUN,2017,0.58,0
Tunisia,TUN,2018,0.62,0
Tunisia,TUN,2019,0.75,0
Tunisia,TUN,2020,0.8,0
Tunisia,TUN,2021,0.9,0
Tunisia,TUN,2022,0.64,0
Tunisia,TUN,2023,0.65,0
Turkey,TUR,1985,0,15.02
Turkey,TUR,1986,0,19.43
Turkey,TUR,1987,0,17.65
Turkey,TUR,1988,0,12.48
Turkey,TUR,1989,0,20.26
Turkey,TUR,1990,0,20.18
Turkey,TUR,1991,0,21.56
Turkey,TUR,1992,0,24.58
Turkey,TUR,1993,0,23.76
Turkey,TUR,1994,0,28.24
Turkey,TUR,1995,0,28.04
Turkey,TUR,1996,0,30.41
Turkey,TUR,1997,0,33.86
Turkey,TUR,1998,0,35.69
Turkey,TUR,1999,0.02,37.03
Turkey,TUR,2000,0.03,38.19
Turkey,TUR,2001,0.06,38.42
Turkey,TUR,2002,0.05,32.15
Turkey,TUR,2003,0.06,32.25
Turkey,TUR,2004,0.06,34.45
Turkey,TUR,2005,0.06,43.2
Turkey,TUR,2006,0.13,46.65
Turkey,TUR,2007,0.36,53.43
Turkey,TUR,2008,0.85,57.72
Turkey,TUR,2009,1.5,55.69
Turkey,TUR,2010,2.92,55.05
Turkey,TUR,2011,4.72,66.22
Turkey,TUR,2012,5.86,68.01
Turkey,TUR,2013,7.56,63.78
Turkey,TUR,2014,8.54,76.26
Turkey,TUR,2015,11.83,76.16
Turkey,TUR,2016,16.56,92.27
Turkey,TUR,2017,20.78,97.48
Turkey,TUR,2018,27.66,111.8
Turkey,TUR,2019,31.19,112.86
Turkey,TUR,2020,35.81,106.26
Turkey,TUR,2021,44.3,104.12
Turkey,TUR,2022,49.85,113.62
Turkey,TUR,2023,52.28,118.03
Turkmenistan,TKM,2023,0.00,0
Uganda,UGA,2006,0.01,0
Uganda,UGA,2007,0.01,0
Uganda,UGA,2008,0.02,0
Uganda,UGA,2009,0.02,0
Uganda,UGA,2010,0.02,0
Uganda,UGA,2011,0.02,0
Uganda,UGA,2012,0.03,0
Uganda,UGA,2013,0.03,0
Uganda,UGA,2014,0.03,0
Uganda,UGA,2015,0.03,0
Uganda,UGA,2016,0.04,0
Uganda,UGA,2017,0.06,0
Uganda,UGA,2018,0.07,0
Uganda,UGA,2019,0.12,0
Uganda,UGA,2020,0.12,0
Uganda,UGA,2021,0.13,0
Uganda,UGA,2022,0.13,0
Ukraine,UKR,1990,0,115.92
Ukraine,UKR,1991,0,107.99
Ukraine,UKR,1992,0,107.24
Ukraine,UKR,1993,0,89.06
Ukraine,UKR,1994,0,78.34
Ukraine,UKR,1995,0,71.67
Ukraine,UKR,1996,0,57.58
Ukraine,UKR,1997,0,56.33
Ukraine,UKR,1998,0,50.73
Ukraine,UKR,1999,0,54.34
Ukraine,UKR,2000,0.01,51.91
Ukraine,UKR,2001,0.02,53.49
Ukraine,UKR,2002,0.02,54.93
Ukraine,UKR,2003,0.03,54.86
Ukraine,UKR,2004,0.03,45.42
Ukraine,UKR,2005,0.04,50.34
Ukraine,UKR,2006,0.04,65.17
Ukraine,UKR,2007,0.05,70.04
Ukraine,UKR,2008,0.05,70.63
Ukraine,UKR,2009,0.04,65.19
Ukraine,UKR,2010,0.05,69.76
Ukraine,UKR,2011,0.12,74.5
Ukraine,UKR,2012,0.62,80.42
Ukraine,UKR,2013,1.21,81.01
Ukraine,UKR,2014,1.56,70.49
Ukraine,UKR,2015,1.56,56.53
Ukraine,UKR,2016,1.44,61.29
Ukraine,UKR,2017,1.7,49.33
Ukraine,UKR,2018,2.30,49.06
Ukraine,UKR,2019,4.95,45.53
Ukraine,UKR,2020,8.63,40.2
Ukraine,UKR,2021,10.23,36.76
Ukraine,UKR,2022,6.54,24.79
Ukraine,UKR,2023,6.65,21.63
United Arab Emirates,ARE,2009,0.01,0
United Arab Emirates,ARE,2010,0.02,0
United Arab Emirates,ARE,2011,0.02,0
United Arab Emirates,ARE,2012,0.02,0
United Arab Emirates,ARE,2013,0.09,0
United Arab Emirates,ARE,2014,0.31,0
United Arab Emirates,ARE,2015,0.3,0
United Arab Emirates,ARE,2016,0.32,0
United Arab Emirates,ARE,2017,0.75,0
United Arab Emirates,ARE,2018,1.2,0
United Arab Emirates,ARE,2019,3.66,0
United Arab Emirates,ARE,2020,5.18,0
United Arab Emirates,ARE,2021,6.25,0
United Arab Emirates,ARE,2022,6.96,0
United Arab Emirates,ARE,2023,13.80,0
United Kingdom,GBR,1984,0.00,0
United Kingdom,GBR,1985,0.00,177.16
United Kingdom,GBR,1986,0.00,201.36
United Kingdom,GBR,1987,0,209.92
United Kingdom,GBR,1988,0.00,203.37
United Kingdom,GBR,1989,0.00,199.93
United Kingdom,GBR,1990,0.01,206.44
United Kingdom,GBR,1991,0.01,211.46
United Kingdom,GBR,1992,0.03,193.64
United Kingdom,GBR,1993,0.22,171.25
United Kingdom,GBR,1994,0.34,161.34
United Kingdom,GBR,1995,0.39,155.21
United Kingdom,GBR,1996,0.49,147.27
United Kingdom,GBR,1997,0.67,121.97
United Kingdom,GBR,1998,0.88,122.97
United Kingdom,GBR,1999,0.85,106.18
United Kingdom,GBR,2000,0.94,119.95
United Kingdom,GBR,2001,0.96,131.46
United Kingdom,GBR,2002,1.25,124.28
United Kingdom,GBR,2003,1.29,138.46
United Kingdom,GBR,2004,1.94,131.79
United Kingdom,GBR,2005,2.91,134.64
United Kingdom,GBR,2006,4.23,148.85
United Kingdom,GBR,2007,5.28,135.94
United Kingdom,GBR,2008,7.15,124.38
United Kingdom,GBR,2009,9.3,103.04
United Kingdom,GBR,2010,10.33,107.59
United Kingdom,GBR,2011,16.2,108.44
United Kingdom,GBR,2012,21.19,142.79
United Kingdom,GBR,2013,30.41,130.26
United Kingdom,GBR,2014,36,100.24
United Kingdom,GBR,2015,47.8,75.88
United Kingdom,GBR,2016,47.57,30.67
United Kingdom,GBR,2017,61.11,22.53
United Kingdom,GBR,2018,69.58,16.83
United Kingdom,GBR,2019,76.26,6.92
United Kingdom,GBR,2020,88.28,5.49
United Kingdom,GBR,2021,76.8,6.51
United Kingdom,GBR,2022,94.18,5.57
United Kingdom,GBR,2023,95.97,4.06
United States,USA,1983,0.00,0
United States,USA,1984,0.01,0
United States,USA,1985,0.01,1507.66
United States,USA,1986,0.01,1490.14
United States,USA,1987,0.01,1573.95
United States,USA,1988,0.01,1656.61
United States,USA,1989,2.38,1711.44
United States,USA,1990,3.18,1725.15
United States,USA,1991,3.45,1722.53
United States,USA,1992,3.32,1757.50
United States,USA,1993,3.51,1831.21
United States,USA,1994,3.98,1832.27
United States,USA,1995,3.71,1853.00
United States,USA,1996,3.80,1945.75
United States,USA,1997,3.85,1998.24
United States,USA,1998,3.58,2029.04
United States,USA,1999,5.05,2037.86
United States,USA,2000,6.08,1966.27
United States,USA,2001,7.27,1903.96
United States,USA,2002,10.90,1933.13
United States,USA,2003,11.71,1973.74
United States,USA,2004,14.72,1978.3
United States,USA,2005,18.35,2012.87
United States,USA,2006,27.1,1990.51
United States,USA,2007,35.06,2016.46
United States,USA,2008,56.22,1985.8
United States,USA,2009,74.78,1755.9
United States,USA,2010,95.86,1847.29
United States,USA,2011,122,1733.43
United States,USA,2012,145.15,1514.04
United States,USA,2013,176.87,1581.11
United States,USA,2014,210.56,1581.71
United States,USA,2015,229.75,1352.4
United States,USA,2016,281.86,1239.15
United States,USA,2017,331.58,1205.84
United States,USA,2018,366.03,1149.49
United States,USA,2019,402.77,964.96
United States,USA,2020,468.66,773.39
United States,USA,2021,542.62,898
United States,USA,2022,639.38,831.51
United States,USA,2023,663.35,675.26
United States Virgin Islands,VIR,2014,0.01,0
United States Virgin Islands,VIR,2015,0.01,0
United States Virgin Islands,VIR,2016,0.01,0
United States Virgin Islands,VIR,2017,0.01,0
United States Virgin Islands,VIR,2018,0.01,0
United States Virgin Islands,VIR,2019,0.01,0
United States Virgin Islands,VIR,2020,0.01,0
United States Virgin Islands,VIR,2021,0.02,0
United States Virgin Islands,VIR,2022,0.02,0
Uruguay,URY,2009,0.04,0
Uruguay,URY,2010,0.07,0
Uruguay,URY,2011,0.11,0
Uruguay,URY,2012,0.11,0
Uruguay,URY,2013,0.14,0
Uruguay,URY,2014,0.73,0
Uruguay,URY,2015,2.12,0
Uruguay,URY,2016,3.14,0
Uruguay,URY,2017,4.04,0
Uruguay,URY,2018,5.14,0
Uruguay,URY,2019,5.17,0
Uruguay,URY,2020,5.94,0
Uruguay,URY,2021,5.47,0
Uruguay,URY,2022,5.28,0
Uruguay,URY,2023,5.2,0
Uzbekistan,UZB,2000,0,1.91
Uzbekistan,UZB,2001,0,1.96
Uzbekistan,UZB,2002,0,2.02
Uzbekistan,UZB,2003,0,1.99
Uzbekistan,UZB,2004,0,2.03
Uzbekistan,UZB,2005,0,1.95
Uzbekistan,UZB,2006,0,2.02
Uzbekistan,UZB,2007,0,2
Uzbekistan,UZB,2008,0,2.05
Uzbekistan,UZB,2009,0,2.05
Uzbekistan,UZB,2010,0,2.12
Uzbekistan,UZB,2011,0,2.15
Uzbekistan,UZB,2012,0,2.16
Uzbekistan,UZB,2013,0,2.23
Uzbekistan,UZB,2014,0,2.3
Uzbekistan,UZB,2015,0,1.94
Uzbekistan,UZB,2016,0,1.99
Uzbekistan,UZB,2017,0.01,2.09
Uzbekistan,UZB,2018,0.01,2.11
Uzbekistan,UZB,2019,0.01,2.36
Uzbekistan,UZB,2020,0.01,2.64
Uzbekistan,UZB,2021,0.01,2.11
Uzbekistan,UZB,2022,0.01,2.22
Uzbekistan,UZB,2023,0.31,0
Vanuatu,VUT,2013,0.01,0
Vanuatu,VUT,2014,0.01,0
Vanuatu,VUT,2015,0.01,0
Vanuatu,VUT,2016,0.01,0
Vanuatu,VUT,2018,0.01,0
Vanuatu,VUT,2019,0.01,0
Vanuatu,VUT,2020,0.01,0
Vanuatu,VUT,2021,0.01,0
Vanuatu,VUT,2022,0.01,0
Venezuela,VEN,2012,0.05,0
Venezuela,VEN,2013,0.09,0
Venezuela,VEN,2014,0.09,0
Venezuela,VEN,2015,0.1,0
Venezuela,VEN,2016,0.1,0
Venezuela,VEN,2017,0.1,0
Venezuela,VEN,2018,0.1,0
Venezuela,VEN,2019,0.1,0
Venezuela,VEN,2020,0.1,0
Venezuela,VEN,2021,0.1,0
Venezuela,VEN,2022,0.1,0
Venezuela,VEN,2023,0.01,0
Vietnam,VNM,1985,0,2.30
Vietnam,VNM,1986,0,2.65
Vietnam,VNM,1987,0,3.06
Vietnam,VNM,1988,0,3.44
Vietnam,VNM,1989,0,2.72
Vietnam,VNM,1990,0,2.00
Vietnam,VNM,1991,0,1.36
Vietnam,VNM,1992,0,0.85
Vietnam,VNM,1993,0,0.63
Vietnam,VNM,1994,0,1.07
Vietnam,VNM,1995,0,2.02
Vietnam,VNM,1996,0,2.37
Vietnam,VNM,1997,0,3.32
Vietnam,VNM,1998,0,3.48
Vietnam,VNM,1999,0,2.91
Vietnam,VNM,2000,0,3.13
Vietnam,VNM,2001,0,3.22
Vietnam,VNM,2002,0,4.88
Vietnam,VNM,2003,0,7.24
Vietnam,VNM,2004,0,7.17
Vietnam,VNM,2005,0,11.01
Vietnam,VNM,2006,0,12.23
Vietnam,VNM,2007,0,12.36
Vietnam,VNM,2008,0,12.29
Vietnam,VNM,2009,0.01,12.45
Vietnam,VNM,2010,0.04,15.88
Vietnam,VNM,2011,0.04,19.94
Vietnam,VNM,2012,0.04,21.25
Vietnam,VNM,2013,0.08,24.02
Vietnam,VNM,2014,0.08,34.87
Vietnam,VNM,2015,0.19,52.71
Vietnam,VNM,2016,0.21,63.97
Vietnam,VNM,2017,0.35,62.61
Vietnam,VNM,2018,0.59,83.85
Vietnam,VNM,2019,5.97,111.18
Vietnam,VNM,2020,11.92,114.76
Vietnam,VNM,2021,28.17,114.16
Vietnam,VNM,2022,34.41,100.78
Vietnam,VNM,2023,35.48,124.31
Yemen,YEM,2014,0.01,0
Yemen,YEM,2015,0.12,0
Yemen,YEM,2016,0.16,0
Yemen,YEM,2017,0.19,0
Yemen,YEM,2018,0.48,0
Yemen,YEM,2019,0.48,0
Yemen,YEM,2020,0.49,0
Yemen,YEM,2021,0.6,0
Yemen,YEM,2022,0.6,0
Zambia,ZMB,2000,0,0.01
Zambia,ZMB,2001,0,0.01
Zambia,ZMB,2002,0,0.02
Zambia,ZMB,2003,0,0.02
Zambia,ZMB,2004,0,0.01
Zambia,ZMB,2005,0,0.02
Zambia,ZMB,2016,0,0.33
Zambia,ZMB,2017,0,1.28
Zambia,ZMB,2018,0,2.04
Zambia,ZMB,2019,0.12,1.67
Zambia,ZMB,2020,0.15,1.89
Zambia,ZMB,2021,0.15,1.3
Zambia,ZMB,2022,0.14,2.16
Zimbabwe,ZWE,2000,0,3.73
Zimbabwe,ZWE,2001,0,4.91
Zimbabwe,ZWE,2002,0,4.76
Zimbabwe,ZWE,2003,0,3.44
Zimbabwe,ZWE,2004,0,4.2
Zimbabwe,ZWE,2005,0,4.43
Zimbabwe,ZWE,2006,0,2.53
Zimbabwe,ZWE,2007,0,2.13
Zimbabwe,ZWE,2008,0,1.81
Zimbabwe,ZWE,2009,0,1.75
Zimbabwe,ZWE,2010,0,2.75
Zimbabwe,ZWE,2011,0,3.84
Zimbabwe,ZWE,2012,0,3.59
Zimbabwe,ZWE,2013,0,4.35
Zimbabwe,ZWE,2014,0,4.4
Zimbabwe,ZWE,2015,0.01,4.54
Zimbabwe,ZWE,2016,0.01,3.91
Zimbabwe,ZWE,2017,0.01,3.38
Zimbabwe,ZWE,2018,0.02,4.13
Zimbabwe,ZWE,2019,0.03,4.05
Zimbabwe,ZWE,2020,0.02,2.74
Zimbabwe,ZWE,2021,0.02,2.51
Zimbabwe,ZWE,2022,0.03,2.92
