Player,Team,Machine,Password,salt,Score
Leon,BLUE,b,ff2889b3,related,5
Parker,YELLOW,a,6e6e9a82,camp,74891
Romy,BLUE,a,a1315538,create,799
Riley,BLUE,c,3a1c545a,rest,333
Alina,BLUE,d,14b3840f,live,4
Sharon,YELLOW,c,817e7273,bottom,9
Kaiden,RED,c,1ac3439d,gate,455
Adeline,RED,c,c4154385,pine,881
Ravi,YELLOW,d,b47731d8,arrow,3
Mae,YELLOW,d,5163482b,announced,1452
Sloan,GREEN,a,7ac1f754,card,93
Jude,BLUE,b,b30ecef5,tune,85677
Liam,BLUE,d,ea2067f9,solve,0
Collin,GREEN,b,9e1c0304,mysterious,8
Giovanni,YELLOW,d,cd68a48d,store,200
Sergio,GREEN,a,049d1b06,supply,46552
Abel,GREEN,b,59fa43e9,signal,8
Kenji,RED,c,1954b990,forgot,2900
Mina,GREEN,b,cb456085,anyway,91
Hallie,GREEN,d,2d2385e5,pet,5
Nora,RED,c,b9ad4b37,break,4774
Anya,GREEN,a,68847a68,drew,77
Azalea,BLUE,c,779b5b76,making,65
Hudson,YELLOW,d,52220c42,means,34
Colin,BLUE,b,03a1b7d1,cell,4
Wesley,YELLOW,d,72c0e1f7,consider,77
Alaina,GREEN,b,e68ca9f6,struck,7300
Briar,GREEN,d,95eb6023,camp,31
Rachel,YELLOW,c,e3db7bfc,safety,3
Phoenix,GREEN,b,7da3ba57,shall,447
Finley,BLUE,b,ac48e201,kill,9018
Kayla,RED,a,5df6dfea,look,200
Yara,BLUE,c,6de2f03e,welcome,3620
Judah,GREEN,d,63dc468f,roof,1771
Isabella,GREEN,c,400f79aa,joy,9322
Lynn,YELLOW,d,6c038cc8,all,86
Luna,BLUE,b,4d2ca54c,control,30
Darren,RED,a,eeeeb24b,suppose,6
Margot,YELLOW,d,af2e597b,sand,171
Maxine,BLUE,c,f5409067,store,9890
Giselle,RED,d,b9f1bf92,stared,729
Jasmine,YELLOW,a,f4dd017c,mass,2264
Seraphina,GREEN,c,b488a5d5,military,172
Alexandra,RED,c,4de33f4e,customs,847
Amyra,GREEN,a,6a0b2b17,test,25519
Pia,GREEN,b,7555503,down,1848
Alma,RED,b,9a7ad0b2,missing,20611
Rei,YELLOW,d,e27c49e6,snow,17755
Nikita,YELLOW,b,1509ef1d,long,67
Teddy,BLUE,b,e7a7769d,struck,21113
Helena,GREEN,a,9ecc7a95,mouth,5
Raina,GREEN,c,187ee475,decide,6
Liya,GREEN,d,4d697533,natural,14
Declan,GREEN,d,a0688dd6,rubbed,9839
Rory,YELLOW,d,e574a0b7,frequently,4086
Hailey,YELLOW,a,3fbce8b5,cake,24271
Arden,YELLOW,d,d8aedc7f,court,30
Juliana,RED,a,f0d068d2,except,484
Adriel,GREEN,a,ffbaa4a2,bow,48563
Cole,GREEN,a,98857818,yellow,88920
Tessa,YELLOW,d,0d179f01,save,1
Lilian,BLUE,c,00da0ba2,as,843
Ari,GREEN,b,90f49653,hill,6422
Amaris,BLUE,d,5238251a,vapor,5
Dennis,GREEN,d,0ebf4bfb,earn,6
Elisa,GREEN,d,88cb20f1,sudden,89697
Hayley,GREEN,a,bdc0b65c,three,3
Mimi,BLUE,b,201250b4,wait,9831
Ines,GREEN,d,6af0c69a,construction,3
Malia,BLUE,b,8740b06e,please,5309
Ambrose,YELLOW,b,7dbd80f6,truth,5
Kayden,YELLOW,a,21620270,upon,481
Mikayla,RED,a,811e8f47,folks,9
Brayden,GREEN,c,47d400f3,nervous,52149
Adalyn,RED,b,73e3644f,rubbed,4
Makayla,YELLOW,c,a8a7fe2c,add,590
Rylee,RED,a,d8021198,swing,29
Javier,GREEN,d,0f72827a,neighbor,6
Nellie,GREEN,d,0bb42c7d,hurt,2
Tiana,BLUE,d,c0093d6f,wore,132
Rosie,GREEN,b,51204e7f,itself,8
Azariah,BLUE,c,40266566,hunt,985
Tara,BLUE,a,20aaf2eb,crop,66
Avery,BLUE,a,4dbfaa7f,find,80119
Cayden,YELLOW,b,acbaa8a0,open,9048
Lilibet,RED,c,e7e0eac4,stand,81
Aaliyah,BLUE,b,042cc572,onto,6
Lily,BLUE,b,5b599398,danger,647
Madeline,RED,d,4dd67fc6,food,68208
Vivian,YELLOW,d,5a8f0796,stove,0
Xavier,GREEN,d,faae9929,journey,6
Ophelia,YELLOW,a,5917f120,medicine,699
Naomi,RED,b,07e6f7cb,movement,9
Misha,RED,d,d9cf0c6b,bent,40
Elliot,RED,a,7.55E+87,understanding,58900
Ivan,BLUE,b,c339dec5,could,8
Huxley,BLUE,c,83c1acf0,except,65
Nola,BLUE,b,90ad32f5,create,6337
Ronan,BLUE,a,3aad400a,slabs,97
Lauren,RED,c,14925204,supply,51
Maverick,BLUE,d,1bf92592,clear,8598
Kyle,BLUE,c,3fd498eb,buried,34865
Ana,RED,d,fcb14a32,changing,784
Jovi,GREEN,b,beb52b9d,belong,88018
Ashton,YELLOW,b,88cba649,report,82
Niko,RED,a,2c31de20,movie,783
Imogen,GREEN,c,3b6efa67,stranger,572
Rafael,GREEN,d,dd65664b,limited,62
Valerie,BLUE,b,955e1cfc,circus,44254
Kaden,GREEN,b,4eff40e3,sharp,7
Remi,BLUE,c,dfd9bdf8,tears,4023
Leilani,BLUE,d,dbaeb9f5,powerful,466
Chelsea,YELLOW,b,83884cca,son,5540
Zola,GREEN,c,4cab42b2,since,67
Nova,RED,b,b7129737,second,808
Arthur,GREEN,d,22f29999,death,3
Morgan,YELLOW,d,b8fa1886,chapter,2
Rai,YELLOW,b,48e1c1bb,wrapped,1708
Winifred,GREEN,a,23f481de,automobile,709
Alisa,BLUE,d,7d9f3882,lady,1821
Bennett,BLUE,d,f22c0b9a,obtain,70
Sahil,RED,b,60474acd,worry,3
Noa,BLUE,b,b7ba959f,angle,62
Alan,YELLOW,d,c4504625,you,542
Zia,YELLOW,d,e2efb69e,pole,4300
Ryder,GREEN,d,3543ad1d,suddenly,5
Milo,GREEN,c,45cb89a4,buried,36985
Callie,GREEN,a,9b14d52f,mysterious,92
Kane,RED,a,bf4dc882,nearer,8
Kai,RED,b,33240eb8,sum,7657
Urban,GREEN,d,6204dad2,vertical,47687
Amelia,RED,d,92927405,worse,4156
Gracie,RED,b,f7d6a7e1,star,3
Dior,GREEN,a,db130cc4,slipped,8631
Mavis,BLUE,d,837abed6,become,4748
Leia,GREEN,b,ea6887e8,water,5832
Rae,YELLOW,c,57f6e3f1,sudden,8
Savannah,GREEN,a,8cc2469e,obtain,5
Hunter,RED,b,1bb6ab5e,mad,1
Colton,RED,b,f25d3595,village,32030
Imani,YELLOW,d,9b24964a,manner,2028
June,GREEN,d,ec3b7b3c,piece,52719
Oakley,RED,c,823997f6,yellow,8768
Caleb,BLUE,b,3d8abf6e,courage,47504
Kaleb,YELLOW,d,8c8e3905,half,756
Della,GREEN,a,5c3c41c4,friendly,99
Raine,GREEN,d,f9e8a327,harbor,23
Amira,BLUE,a,0deb2f23,furniture,3455
Katherine,RED,d,24ff1f95,widely,357
Ada,YELLOW,c,042f55dd,barn,18
Ariella,RED,b,b416b0ae,measure,713
Sienna,GREEN,d,c43fc77b,thick,439
Isabelle,BLUE,d,78b1827b,will,95
Simone,BLUE,a,be34ba26,courage,93398
Ellen,RED,a,17c28b51,send,84
Aleena,GREEN,b,344f71d5,secret,5
Amelie,BLUE,d,cd9dd94f,potatoes,14
Margaret,GREEN,a,af2ec44f,are,204
Colby,GREEN,b,483995cc,within,89178
Vera,BLUE,c,615e4aa4,path,116
Stanley,YELLOW,c,c227901a,heading,768
Adaline,GREEN,b,c2cf1876,faster,79
Jasper,RED,a,c7102e4e,material,77646
Zoe,RED,b,7d7ae770,transportation,4625
Ayla,GREEN,b,84a4b0a2,damage,9663
Cooper,RED,d,b0632354,finally,4919
Layla,YELLOW,d,3a2113c7,sight,0
Bailey,GREEN,c,5f296bb0,putting,36
Killian,GREEN,c,6c1d2f6f,building,697
Reyna,YELLOW,b,f14bc1b1,symbol,4
Elena,YELLOW,d,a1bf5407,mathematics,8
Mia,GREEN,b,9917f835,high,88043
Preston,BLUE,b,d49b8b27,dream,33
Shia,BLUE,d,2c5e3f62,related,56430
Melissa,YELLOW,c,78024d86,brass,67
Harry,BLUE,a,6dda985a,dawn,7502
Fiona,RED,d,f7321f01,coast,9
Ezra,YELLOW,b,f356b4f3,wild,1
Shelby,GREEN,a,2b6a75e0,worry,31
Jade,GREEN,b,c3d1b461,football,54181
Francis,BLUE,d,74c40fef,church,93228
Saira,YELLOW,c,0b31c1a9,strip,158
Nyla,RED,a,4716dc78,born,25744
Aisha,RED,a,ba1bd8b9,stop,32301
Greyson,GREEN,c,13ee2ef6,rich,7505
Camille,RED,d,0b941867,announced,5
Kian,YELLOW,c,96bd5fe9,hidden,1
Zuri,YELLOW,d,77ad0e7f,minute,5
Kendall,GREEN,a,a5062a90,railroad,56673
Blair,GREEN,d,1d8ea2f4,provide,40
Remington,YELLOW,a,470e013c,truth,9
Brooks,YELLOW,a,73cc0010,factory,63
Rhea,RED,c,2c07089b,prepare,9
Lucian,GREEN,c,ac71c097,palace,180
Alena,BLUE,b,ef352c42,hello,844
Kyra,BLUE,b,556e85d6,instrument,6
May,YELLOW,a,7b3413c5,rich,262
Sabine,GREEN,a,f6f4868e,locate,67755
Martha,GREEN,d,998112ab,west,858
Aliza,YELLOW,d,8e55372f,idea,19
Ayden,BLUE,c,e9070149,walk,6
Ace,YELLOW,b,3f0b2757,light,6759
Wren,BLUE,c,b543f52e,bright,730
Damian,GREEN,b,503c1826,seeing,39
Lyric,RED,d,aec14669,social,6172
Jael,BLUE,a,880654c5,very,25895
Raya,BLUE,c,6ee69772,planet,61799
Stella,RED,b,446d46ae,thread,4
Grayson,BLUE,b,0f4cf52d,headed,6206
Avi,YELLOW,d,31aa8288,cent,4
Ximena,BLUE,d,39aa2a4f,object,651
Claudia,BLUE,c,c910c4f5,disease,7872
Iva,GREEN,a,56def3af,jump,3
Kali,GREEN,c,f5ef214f,brass,94464
Evie,GREEN,b,4d7f99a7,fog,8721
Lilah,BLUE,b,2936251a,first,2
Olivia,YELLOW,a,67f031f4,white,33513
Quinn,RED,b,230d4fef,seems,2658
Rian,YELLOW,b,66479082,oxygen,7647
Magdalena,BLUE,c,85d15956,lamp,8765
Atlas,RED,c,ddd4afcd,led,449
Quincy,BLUE,d,eecc9217,conversation,370
Reese,BLUE,c,c2e35067,wave,757
Brooke,BLUE,a,6a5e6952,pick,2
Kalani,GREEN,a,d75e8479,ants,5
Jocelyn,GREEN,c,f233b441,exactly,4353
Mira,GREEN,a,1fe3a2b8,getting,0
Elliott,BLUE,b,9710b8da,mind,4
Zayne,YELLOW,d,60a96195,party,39522
Veda,BLUE,a,59d420ef,rich,64
Mika,GREEN,a,22202c40,joined,4026
Khadijah,BLUE,b,8dac8b16,between,415
Chase,GREEN,a,8db6c693,swim,4
Lorraine,YELLOW,c,32b85af3,strike,971
Damien,BLUE,c,4c356f53,engineer,92424
Kaira,YELLOW,d,44764002,structure,0
Emery,RED,b,89224c23,shine,6185
Beckett,YELLOW,a,47885fb5,game,65995
Scott,GREEN,d,d7c79397,proper,1
Amos,YELLOW,a,9282dbc3,vegetable,59521
Cheryl,GREEN,b,80763756,tribe,5819
Julia,BLUE,a,66e53a35,tank,15
Genevieve,GREEN,d,9571ef8d,statement,7703
Kaya,YELLOW,d,2ae25171,taken,97584
Brianna,GREEN,c,c31c709b,bent,5
Aria,YELLOW,d,04fc8003,locate,9090
Annalise,RED,d,26321ed0,positive,3
Keanu,YELLOW,a,c990e830,command,749
Adonis,YELLOW,c,e3db0481,dot,1801
Rylan,YELLOW,a,89bca58e,upper,85559
Maeve,BLUE,a,64b27386,whole,32
Jenny,BLUE,b,8ada0b47,horn,2696
Eloise,RED,d,10b496e5,environment,54786
Eden,BLUE,b,dfedbc86,jet,3
Marion,RED,b,8530b516,lonely,9
Cecilia,GREEN,c,f802063a,captain,35981
Camila,RED,b,8dfbf898,quick,416
Kyler,GREEN,d,e1bbdfe9,plain,15
Zena,RED,d,29dcf9f4,cabin,389
Octavia,RED,c,806e274c,cage,8
Cali,BLUE,c,87802b1a,cattle,7367
Hayden,YELLOW,a,717d8400,gasoline,64
Hadley,RED,a,761b51cd,shot,6
Aditya,RED,c,b97d3947,year,5536
Nia,RED,a,ea9ff9db,good,62661
Tyson,YELLOW,a,06f7c65e,usual,348
Colette,BLUE,c,dc117fc9,correct,674
Rebecca,YELLOW,a,918d9442,all,63
Livia,YELLOW,d,115454c1,scientist,98591
Andrea,BLUE,d,8130cc07,to,321
Mona,YELLOW,a,d6bab87e,value,390
Beau,BLUE,a,d03a7f75,eaten,696
Xander,RED,c,8875ae8c,market,66
Kieran,GREEN,c,cb0663a7,edge,8
Gigi,RED,c,87286592,scientist,487
Lila,RED,c,683a2e7d,however,2361
Enoch,BLUE,b,68c54f19,possible,6
Elora,BLUE,a,d84f494d,sent,194
Ira,RED,b,ca4615e5,pleasant,38
Rayne,RED,a,8ab8ddeb,nature,61124
Karina,RED,d,0bcf1cc8,claws,68
Theodore,BLUE,c,a1208728,roar,74112
Aiden,YELLOW,b,eebc87fa,burn,1
Elyse,BLUE,d,b1ae43f7,location,904
Christine,RED,d,98fc6f38,studied,673
Otis,GREEN,d,dffb1730,little,0
Ali,RED,a,11e058c2,gently,48006
August,RED,d,221d7276,knife,4
Ava,YELLOW,d,19a486c6,lesson,424
Alayna,RED,b,95a3584c,pride,1113
Nisha,YELLOW,c,03aa91e7,blind,17500
Harper,GREEN,a,7329d9dd,torn,758
Maria,YELLOW,d,be3e1a95,leave,952
Noelle,GREEN,a,64a975a7,floor,16798
Oliver,GREEN,d,9f184e0d,sick,6499
Rocco,RED,c,33b6865a,does,1
Emmett,RED,b,b96d69cd,crew,1
Skylar,BLUE,b,1d0c3300,window,80
Rhys,GREEN,d,20a01da8,tropical,3723
Zane,GREEN,c,11c3bc25,operation,7226
Alyssa,GREEN,d,19f5e770,pocket,35
Sophie,GREEN,a,b73fdfcb,leg,74876
Millie,YELLOW,b,0dd28236,pull,4099
Joyce,RED,d,82906343,divide,20416
Devin,BLUE,b,db614510,comfortable,20
Bryce,YELLOW,d,c97191d0,break,5405
Ian,YELLOW,b,1fe029cc,breakfast,1444
Elaine,RED,b,9d9338d3,picture,518
Alaia,YELLOW,a,dba64d58,we,63958
Maren,RED,a,9fc63d38,activity,730
Gianna,YELLOW,c,85f786bf,blood,1464
Monica,YELLOW,a,72f265d7,television,549
Sutton,GREEN,c,3957b4d3,especially,6897
Axel,GREEN,b,4a776320,vapor,4739
Alani,RED,a,18583117,mighty,50
Amaya,BLUE,a,32c0522e,look,5
Kailani,BLUE,a,8beee886,service,1751
Chiara,YELLOW,d,4e2feea8,told,5
George,RED,c,e78d3ba6,sang,5661
Olive,GREEN,d,790541f9,you,5
Braxton,BLUE,b,a90da71f,edge,0
Dillon,BLUE,d,441c13b9,organized,3219
Winston,RED,a,a959f2e6,minerals,485
Brielle,YELLOW,b,d2af0a4e,few,2
Trisha,YELLOW,d,59d28eb0,dinner,817
Eliana,GREEN,b,4aea7baa,good,3110
Elise,RED,d,5d9dfa4e,vertical,777
Kit,BLUE,b,78133216,outline,3
Jayce,BLUE,a,2284d03d,travel,4637
Josie,GREEN,a,23dadeee,identity,147
Keziah,BLUE,b,a22ba046,some,73
Maureen,BLUE,b,37799bdf,busy,9326
Callan,GREEN,a,f57134b2,fog,5
Sydney,GREEN,a,221e44bd,rough,8
Amir,BLUE,d,49ad1968,naturally,5759
Natasha,RED,b,a9b38aa7,harder,47
Kevin,BLUE,b,46f41e1d,express,31
Liana,BLUE,a,9eae2fc6,doubt,42
Marcus,BLUE,c,f4592c2f,largest,8962
Cecil,GREEN,b,0f3317d1,women,1
Ivy,BLUE,a,d1348ecd,thousand,1434
Lilith,RED,b,9a99246a,cent,0
Mara,GREEN,d,12f3c448,paper,24
Israel,YELLOW,a,6bf7c2ea,earlier,57
Myra,YELLOW,a,f52757c3,longer,765
Dakota,BLUE,a,b6b8192b,faster,79000
Flora,RED,a,0d721c38,level,79074
Kylie,YELLOW,c,1a661cea,typical,88
Aubrey,RED,d,0c9eb25c,traffic,95
Lola,YELLOW,b,dc326a8f,cover,973
Marina,YELLOW,c,47c353c1,tonight,8137
Zaid,YELLOW,d,827f2a0a,written,78
Ahmed,BLUE,d,3c92d09d,develop,7
Kimberly,GREEN,c,146ace35,member,7508
Zion,YELLOW,b,ef7c51bc,last,62576
Charlotte,GREEN,c,1f5bb919,tool,76263
Aliyah,BLUE,b,0803737b,near,6596
Alana,RED,b,fb6eee9a,universe,47599
Theo,BLUE,b,6cb5552e,cover,30
Thalia,GREEN,c,b769586f,quietly,9
Sunny,GREEN,b,789fbe0b,month,41
Alice,RED,a,5bfc74cc,balance,72
Rohan,YELLOW,d,f0c4abc2,noun,24
Lyla,GREEN,d,d93d3b5d,dozen,1
Daisy,YELLOW,d,1af67e0d,bell,46
Amora,RED,a,dc45f7ad,business,805
Nolan,RED,c,cf640d9b,victory,1
Levi,YELLOW,b,12a0b804,rocky,36630
Joan,GREEN,d,8fbd999b,close,128
Kye,BLUE,c,fca4cbde,base,93
Heather,RED,b,a5efcaa5,contain,925
Amani,BLUE,c,1f5b007a,protection,4398
Mariam,RED,a,384d26f7,bean,6575
Marie,RED,d,54243ec7,badly,57863
Sana,BLUE,b,273e11eb,round,4
Ethan,GREEN,d,64608634,why,5950
Arianna,YELLOW,b,5ecd53df,example,803
Sasha,YELLOW,d,f69908ff,wall,18
Roman,GREEN,d,ef5300d7,putting,93094
Rowan,GREEN,d,e8262a54,complete,9
Zara,BLUE,d,3753185,met,7
Everly,GREEN,a,3332c925,selection,14
Elias,BLUE,d,b3addfa8,contrast,97686
Justin,BLUE,d,1b31acd5,actual,7
Lisa,GREEN,d,8852d382,power,278
Hadassah,YELLOW,b,5dd9ccaf,made,18510
Willa,RED,a,55ff2e12,official,73
Harvey,YELLOW,c,0690d606,location,196
Sadie,YELLOW,a,f0806f8a,black,87904
Gemma,YELLOW,c,d95bd6f7,cut,16
Noah,BLUE,b,9f578533,around,27602
Nathan,YELLOW,d,6d3509cc,goes,371
Rhiannon,BLUE,b,ebfb4ffd,get,28
Akira,GREEN,b,a5505c7a,understanding,7923
Lorelei,RED,a,a282fe38,enter,128
Shay,GREEN,a,c509c50d,muscle,17560
Louise,BLUE,d,21d54000,hollow,1908
Reya,GREEN,a,590e0389,consider,813
Jesse,BLUE,c,b9679990,wall,50610
Nicholas,GREEN,c,5859e35b,coffee,3
Piper,YELLOW,a,81ed6afb,hay,93452
Jalen,RED,a,95ac2c31,has,9755
Lyra,RED,b,b1547ca0,yard,1848
River,RED,c,5c7342e2,river,740
Odette,BLUE,d,00d876b1,wish,83842
Mya,RED,a,bcc3b308,needs,9473
Emelia,BLUE,b,ee4c7eac,anywhere,434
Cairo,BLUE,a,3a1748d5,thing,33
Maximus,YELLOW,a,80d9b4b0,finish,527
Sanjana,YELLOW,b,372310d9,into,499
Charlie,YELLOW,d,41ffae18,raw,1
Michelle,YELLOW,b,714e9ca9,young,8944
Mila,GREEN,d,1964f92d,cheese,775
Cain,YELLOW,b,371a3232,company,896
Alex,YELLOW,b,4a7b70a3,contrast,70517
Zoey,YELLOW,b,b5ddb8cd,balloon,6
Leigh,BLUE,b,f5358884,twelve,6
Lorenzo,BLUE,a,0a24ae3b,ranch,0
Ellis,YELLOW,b,c0982293,wooden,1387
Isla,BLUE,d,5d3bf199,wrong,2081
Harley,BLUE,a,d1bb2254,our,17
Marley,RED,b,7e75fd79,neighbor,52
Juno,YELLOW,c,675dcb58,motor,6
Kayleigh,BLUE,b,c8626fce,mass,71837
Penny,GREEN,b,2375fdee,recent,12979
Reece,BLUE,a,a974e657,away,42665
Sidney,GREEN,c,7949a047,enjoy,4
Nancy,YELLOW,b,c5265d49,worry,90598
Molly,YELLOW,d,a9aefc1c,speed,82910
Adrian,YELLOW,c,9251e7ae,disappear,3383
Blake,GREEN,b,f89bcad1,avoid,4376
Evan,GREEN,a,445bd486,or,95565
Dante,RED,a,c717a8df,chain,17206
Jean,GREEN,c,c8a6d5d0,pleasure,6927
Leo,YELLOW,a,e74806e2,somebody,5
Davina,BLUE,d,8a5ec97c,ever,559
Felix,RED,c,daae0bb4,usually,307
Freya,BLUE,d,446cf03f,order,3
Sloane,RED,c,ba0505ff,pale,90668
Thea,BLUE,a,b9a7d62c,sort,4810
Remy,RED,a,4d356dba,tightly,3
Kathleen,RED,b,e70eee33,ten,15198
Miles,GREEN,a,5a1224e8,taught,1967
Skyler,BLUE,b,7e744a02,stranger,802
Theresa,YELLOW,a,4dca39af,product,48294
Jayden,YELLOW,c,df5e773d,had,471
Lea,BLUE,a,12c44cab,his,85648
Rayna,YELLOW,d,4c0bb0d9,fur,59933
Lucas,YELLOW,b,8a7ffb00,furniture,7
Mackenzie,GREEN,c,eb6ca3a3,week,36
Lee,BLUE,c,4caf0172,suggest,434
Cruz,RED,d,6c4e943e,sum,25
Nevaeh,RED,b,50497a82,distance,4
Darcy,GREEN,c,fb97e5c2,lay,1294
Jolene,YELLOW,b,06245a5b,mixture,29766
Azriel,RED,b,4.71E+10,themselves,950
Elina,YELLOW,c,9.81E+14,exclaimed,4
Emerson,BLUE,d,946e7861,gently,8
Lachlan,BLUE,c,eb7754e2,pick,2948
Cleo,RED,c,99caa3f5,bark,46
Asher,GREEN,b,79e53f95,slept,3932
Elia,BLUE,c,4adea3f3,locate,29665
Isaac,RED,b,7c311be7,afternoon,14
Harlow,BLUE,a,7805877,frighten,62788
Gia,RED,c,5139b686,explain,11
Lennox,BLUE,b,a37258a1,apart,44
Finn,GREEN,c,fefa6155,will,60934
Adira,YELLOW,c,8b42bc1b,beat,2
Aurora,YELLOW,a,bcf6bff3,source,5023
Skye,YELLOW,a,1e169e25,tower,38199
Paxton,YELLOW,c,8d9ecba4,typical,543
Lara,GREEN,c,5ebb771d,feathers,407
Elodie,RED,a,b4868c1e,layers,8277
Arlo,GREEN,b,b00faa36,flow,645
Luca,BLUE,b,c9cfda35,four,4328
Sawyer,GREEN,b,5db1759e,are,81245
Ayana,GREEN,d,ffa940ec,get,98
Presley,GREEN,c,09267d16,gasoline,8239
Mayra,GREEN,b,1a7ccff8,between,0
Maira,GREEN,d,dffcb2ab,low,79
Mateo,GREEN,c,7c22631e,touch,7
Caiden,GREEN,c,1cffb781,music,4058
Kelvin,BLUE,d,76898291,spoken,3
Orion,GREEN,b,5014c7d8,youth,77941
Ellie,BLUE,b,7abbca8e,tiny,8455
Sage,GREEN,b,7e905a66,remain,3
Maya,RED,b,05e0931c,chest,30785
Asa,YELLOW,d,22a07e65,asleep,64
Fallon,YELLOW,c,8.69E+08,happen,4126
Malachi,RED,a,f159610e,tried,3201
Rio,YELLOW,d,4cc437a2,glass,37
Mabel,YELLOW,c,59710200,per,6622
Silas,RED,d,9575477f,oldest,4
Emmet,RED,c,e4e47880,allow,40
Yana,YELLOW,d,464257a3,amount,984
Sean,RED,c,96818874,happy,44
Amara,GREEN,a,bc134524,separate,6
Delilah,GREEN,a,ec93b8e9,how,66331
Leila,GREEN,d,9bcffa58,cap,61
Everett,YELLOW,d,9f5b46e9,bone,58
